Workbook

Sheet 01-DgsOLD
B1: Doğuş | C1: 2021 ve sonrası
A2: ödeme yapılan son | G2: temmuz | H2: olması gereken
A3: Tarih | B3: Açıklama | C3: Bedeli | D3: Ödeme | E3: Bakiye | F3: aylık | G3: tüfe | I3: + | J3: Asg.Ü. | K3: adet
B4: Kira dönemi
B5: ADEM DUMAN
A6: 44255 | B6: 28-02-21*27-02-22 | C6: 24000 | D6: 24000 | E6: =C6-D6 -> 0 | F6: =D6/12 -> 2000 | J6: 2320 | K6: =D6/J6 -> 10.344828
A7: 44407 | B7: 28-02-22*27-02-23 | C7: 36000 | D7: 36000 | E7: =C7-D7 -> 0 | F7: =D7/12 -> 3000 | G7: 19.25 | H7: =F6*(100+G7)/100 -> 2385 | I7: =F7/F6-1 -> 0.5 | J7: 2830 | K7: =D7/J7 -> 12.720848
A8: 44772 | B8: 28-02-23*27-02-24 | C8: 60000 | D8: 60000 | E8: =C8-D8 -> 0 | F8: =D8/12 -> 5000 | G8: 80.21 | H8: =F7*(100+G8)/100 -> 5406.3 | I8: =F8/F7-1 -> 0.66666667 | J8: 5500 | K8: =D8/J8 -> 10.909091
A9: 45137 | B9: 28-02-24*27-02-25 | C9: 129000 | D9: 120500 | E9: =C9-D9 -> 8500 | F9: =C9/12 -> 10750 | G9: =58.94/2 -> 29.47 | H9: =F8*(100+(G9/2))/100 -> 5736.75 | I9: =F9/F8-1 -> 1.15 | J9: 11400 | K9: =D9/J9 -> 10.570175
A10: 45701 | B10: 28/02/25-31/12/25 | C10: =J10*K10+E9 -> 229540 | D10: =D52 -> 90000 | E10: =C10-D10 -> 139540 | F10: =ROUND((C10-E9)/10,) -> 22104 | G10: 75 | H10: =F9*(100+(G10/2))/100 -> 14781.25 | I10: =F10/F9-1 -> 1.056186 | J10: 22104 | K10: 10
A14: Kirada Oturma Dönem 28 Şubat ile sonraki yıl 27 Şubat tarihleri arasıdır.
A15: Ödeme kira dönem başalangıcından 6 ay önce başlar. Döneme ait Kira ödemesi bittiğinde
A16: sonraki yılın ödemesi 6 ay önceden başlar
A17: 45168 | B17: tarihine kadar şubat ayı enflasyonu ile artış yapılıp
A18: önceki 6 ay farkı son altı ayda tahsil ediliyordu
A19: 2023 ilk ödemeler 3000 son ödemeler 6500 TL toplamda 60000 TL uygulandı
A20: 2023 bedeli toplamda 60000 aylık 5000 TL oldu
A21: 2023 8. ayda 2023-24 için 60000 TL olan bedel %30 artışla 6500x12=78000 olarak belirlendi
A22: 78000 TL 28-02-2024 ile 27-02-2025 bedelidir ve ödemeler 2023 yılının 8. ayında başlamıştır.
A23: şubat ayında nakit ödeme yapmak yerine 6 ay öncesinden başlayarak 12 aylık ortalama
A24: vadeye göre ödeme yapılmaktadır. Yıllık artışlarda şubat ayına göre değil ağustos ayına
A25: göre uygulanacak
A26: 45350 | B26: Kiranın 12 asgari ücret bedeli olan 17,002*12=204024 TL olacağı ve artık
B27: yıllık artışın asgari ücrete bağlı olarak yapılacağı bildirildi.
B28: 2024 yılı için 10 aylık sözleşme yapılacağı, kira döneminin 2025 yılından sonra
B29: ocak-aralık olarak uygulanacağı anlatıldı.
B30: ödemeler düzenli yapılıyor ise ödediği ayın kira bedeli
B31: 6 ay sonrasının kira bedelidir.
A33: 28-02-2025 -31-12-2025 bedeli | C33: 22104 | D33: 12 | G33: =D33*C33 -> 265248
C35: Ödenecek | D35: Ödenen | E35: Bakiye
A37: 28-02-2025 -27-02-2026 için yapılan ödemeler
G38: =G33-D38 -> 265248
A39: 45534 | C39: 15000 | D39: 15000 | E39: =C39-D39 -> 0 | G39: =G33-D39 -> 250248
A40: 45565 | C40: =C39 -> 15000 | D40: 15000 | E40: =C40-D40+E39 -> 0 | G40: =G39-D40 -> 235248
A41: 45595 | C41: =C40 -> 15000 | D41: 15000 | E41: =C41-D41+E40 -> 0 | G41: =G40-D41 -> 220248
A42: 45626 | C42: =C41 -> 15000 | D42: 15000 | E42: =C42-D42+E41 -> 0 | G42: =G41-D42 -> 205248
A43: 45656 | C43: =C42 -> 15000 | D43: 15000 | E43: =C43-D43+E42 -> 0 | G43: =G42-D43 -> 190248
A44: 45687 | C44: =C43 -> 15000 | D44: 15000 | E44: =C44-D44+E43 -> 0 | G44: =G43-D44 -> 175248
A45: 45716 | C45: =G50/6 -> 29208 | E45: =C45-D45+E44 -> 29208 | G45: =G44-D45 -> 175248
A46: 45746 | C46: =C45 -> 29208 | E46: =C46-D46+E45 -> 58416 | G46: =G45-D46 -> 175248
A47: 45777 | C47: =C46 -> 29208 | E47: =C47-D47+E46 -> 87624 | G47: =G46-D47 -> 175248
A48: 45807 | C48: =C47 -> 29208 | E48: =C48-D48+E47 -> 116832 | G48: =G47-D48 -> 175248
A49: 45838 | C49: =C48 -> 29208 | E49: =C49-D49+E48 -> 146040 | G49: =G48-D49 -> 175248
A50: 45868 | C50: =C49 -> 29208 | E50: =C50-D50+E49 -> 175248 | G50: =G49-D50 -> 175248
B52: Toplam | C52: =SUM(C39:C51) -> 265248 | D52: =SUM(D39:D51) -> 90000
B53: aylık ortalama | C53: =C52/12 -> 22104 | D53: =D52/12 -> 7500
C56: Ödenecek | D56: Ödenen | E56: Bakiye
A57: 28-02-2024 -27-02-2025 bedeli | C57: 78000
A58: 28-02-2024 -27-02-2025 için yapılan ödemeler
A60: 45168 | B60: Nakit | C60: 6500 | D60: 6500 | E60: =C60-D60 -> 0 | G60: =D60-F60 -> 6500
A61: 45199 | B61: bankadan | C61: 6500 | D61: 6500 | E61: =C61-D61+E60 -> 0 | G61: =D61-F61 -> 6500
A62: 45229 | B62: nakit | C62: 6500 | D62: 6500 | E62: =C62-D62+E61 -> 0 | G62: =D62-F62 -> 6500
A63: 45260 | B63: nakit | C63: 6500 | D63: 6500 | E63: =C63-D63+E62 -> 0 | G63: =D63-F63 -> 6500
A64: 45290 | B64: nakit | C64: 6500 | D64: 6500 | E64: =C64-D64+E63 -> 0 | G64: =D64-F64 -> 6500
A65: 45321 | C65: 6500 | D65: 6500 | E65: =C65-D65+E64 -> 0 | G65: =D65-F65 -> 6500
A66: 45350 | C66: 15000 | D66: 6500 | E66: =C66-D66+E65 -> 8500 | G66: =D66-F66 -> 6500
A67: 45381 | C67: 15000 | D67: 15000 | E67: =C67-D67+E66 -> 8500 | G67: =D67-F67 -> 15000
A68: 45412 | C68: 15000 | D68: 15000 | E68: =C68-D68+E67 -> 8500 | G68: =D68-F68 -> 15000
A69: 45442 | C69: 15000 | D69: 15000 | E69: =C69-D69+E68 -> 8500 | G69: =D69-F69 -> 15000
A70: 45473 | C70: 15000 | D70: 15000 | E70: =C70-D70+E69 -> 8500 | G70: =D70-F70 -> 15000
A71: 45503 | C71: 15000 | D71: 15000 | E71: =C71-D71+E70 -> 8500 | G71: =D71-F71 -> 15000
B73: Toplam | C73: =SUM(C60:C72) -> 129000 | D73: =SUM(D60:D72) -> 120500
B74: aylık ortalama | D74: =D73/12 -> 10041.667
A83: Tarih | B83: Açıklama | C83: Kira bedeli | D83: Ödeme | E83: Bakiye | F83: Masraf | G83: Kalan NET
A84: 2021 | B84: Adem Duman | C84: 24000 | E84: =C84-D84 -> 24000 | G84: =D84-F84 -> 0
D85: 24000 | E85: =E84-D85 -> 0 | G85: =D85-F85 -> 24000
B86: 28-02-2021 * 27-02-22 hesabı sıfırlandı
A90: Tarih | B90: Açıklama | C90: Kira bedeli | D90: Ödeme | E90: Bakiye | F90: Masraf | G90: Kalan NET
A91: 2022 | B91: Adem Duman | C91: 36000 | E91: =C91-D91 -> 36000 | G91: =D91-F91 -> 0
E92: =E91-D92 -> 36000 | G92: =D92-F92 -> 0
B93: 28-02-2022 * 27-02-23 | E93: =E92-D93 -> 36000 | G93: =D93-F93 -> 0
E94: =E93-D94 -> 36000 | G94: =D94-F94 -> 0
A95: 44438 | B95: Senet 2000 x | C95: 2000 | D95: 0 | E95: =E94-D95 -> 36000 | G95: =D95-F95 -> 0
A96: 44469 | B96: Senet 2000 x | C96: 2000 | D96: 4000 | E96: =E95-D96 -> 32000 | G96: =D96-F96 -> 4000
A97: 44499 | B97: Senet 2000 x | C97: 2000 | D97: 2000 | E97: =E96-D97 -> 30000 | G97: =D97-F97 -> 2000
A98: 44530 | B98: Senet 2000 X | C98: 2000 | D98: 2000 | E98: =E97-D98 -> 28000 | G98: =D98-F98 -> 2000
A99: 44560 | B99: Senet 2000 | C99: 2000 | D99: 2000 | E99: =E98-D99 -> 26000 | G99: =D99-F99 -> 2000
A100: 44591 | B100: Senet 2000 | C100: 2000 | D100: 2000 | E100: =E99-D100 -> 24000 | G100: =D100-F100 -> 2000 | L100: +
E101: =E100-D101 -> 24000
A102: 44620 | B102: Nakit 3000 | C102: 3000 | D102: 3000 | E102: =E101-D102 -> 21000 | G102: =D102-F102 -> 3000 | L102: +
A103: 44650 | B103: Nakit 3000 | C103: 3000 | D103: 3000 | E103: =E102-D103 -> 18000 | G103: =D103-F103 -> 3000 | L103: +
A104: 44681 | B104: Nakit 3000 10-05-2022 | C104: 3000 | D104: 5000 | E104: =E103-D104 -> 13000 | G104: =D104-F104 -> 5000 | L104: 44691
A105: 44711 | B105: Nakit 5000 | C105: 5000 | D105: 3000 | E105: =E104-D105 -> 10000 | G105: =D105-F105 -> 3000 | L105: 44711
A106: 44742 | B106: BANKADAN 5-7 4000 | C106: 5000 | D106: 4000 | E106: =E105-D106 -> 6000 | G106: =D106-F106 -> 4000 | L106: 44747
A107: 44772 | B107: BANKADAN 29-8 5000 | C107: 5000 | D107: 5000 | E107: =E106-D107 -> 1000 | G107: =D107-F107 -> 5000 | L107: 44802
A108: 44803 | D108: 1000 | E108: =E107-D108 -> 0 | G108: =D108-F108 -> 1000
B109: 28-02-2022 * 27-02-23 hesabı sıfırlandı
B111: Toplamlar | C111: =SUM(C95:C110) -> 36000 | D111: =SUM(D91:D110) -> 36000 | E111: =C111-D111 -> 0 | F111: =SUM(F91:F110) -> 0 | G111: =D111-F111 -> 36000
E113: Doğuş Toplam Gelir | G113: =G111 -> 36000
E114: Hacı | F114: 1 | G114: =G113 -> 36000
B116: 28-02-2023 - 27-02-2024
B118: 2022 | C118: 36000 | E118: =C118 -> 36000
B119: şubat tüfe | C119: 0.73
B120: 2023 artış | E120: =C118*C119 -> 26280
A122: 2023 | B122: 28-02-2023 * 27-02-24 bedeli | E122: =E118+E120 -> 62280
E123: =E122-D123 -> 62280
B124: 2023 indirim | D124: 2280 | E124: =E123-D124 -> 60000
A125: 45167 | B125: Nakit 3000 | D125: 3000 | E125: =E124-D125 -> 57000
A126: 44834 | B126: Nakit 3000 | D126: 3000 | E126: =E125-D126 -> 54000 | G126: =D126-F126 -> 3000
A127: 44865 | B127: Nakit 3000 | D127: 3000 | E127: =E126-D127 -> 51000 | G127: =D127-F127 -> 3000
...

Sheet 01-Dgs
C1: 45701
B2: ADEM DUMAN - 2021-2025
C3: HESAP ÖZETİ
C4: DÖNEM 1 Aylık Tutar | G4: =F6/12 -> 2000
C5: AÜ TL-Adet | F5: 2324 | G5: =F8/F5 -> 10.327022
C6: 28-02-2021 27-02-2022 DÖNEMİ | F6: =F8 -> 24000
E7: BANKA | F7: tutar | G7: bakiye
C8: DÖNEM 1 Hesabı | F8: 24000 | G8: =F8 -> 24000
G9: =G8-F9-E9 -> 24000
B10: 44250 | C10: Ödeme | F10: 2000 | G10: =G9-F10-E10 -> 22000
A11: 1 | B11: 44285 | C11: Ödeme | F11: 2000 | G11: =G10-F11-E11 -> 20000
A12: 2 | B12: 44316 | C12: Ödeme | F12: 2000 | G12: =G11-F12-E12 -> 18000
A13: 3 | B13: 44346 | C13: Ödeme | F13: 1000 | G13: =G12-F13-E13 -> 17000
A14: 4 | B14: 44377 | C14: Ödeme | F14: 3000 | G14: =G13-F14-E14 -> 14000
A15: 5 | B15: 44407 | C15: Ödeme | F15: 4000 | G15: =G14-F15-E15 -> 10000
A16: 6 | B16: 44788 | C16: Ödeme | F16: 10000 | G16: =G15-F16-E16 -> 0
C17: 2021-22 Tutarı 24000 TL | G17: =G16-F17-E17 -> 0
C18: Dönem Sonu Kalan BAKİYE | G18: =G17-F18-E18 -> 0
C20: DÖNEM 2 Aylık Tutar | G20: =F29/12 -> 3000
C21: AÜ | F21: 2825 | G21: =F29/F21 -> 12.743363
C22: 28-02-2022 27-02-2023 DÖNEMİ | F22: =F29 -> 36000
C23: Önceki dönem tüfeli bedel | F23: =F8 -> 24000
B24: 44407 | C24: ŞUBAT 2022 TÜFE | D24: 0.2598 | F24: =F23*D24 -> 6235.2
C25: tüfeli toplam | F25: =F23+F24 -> 30235.2
E26: BANKA | F26: tutar | G26: bakiye
G27: =F27 -> 0
G28: =G27+F28 -> 0
C29: DÖNEM 2 Hesabı | F29: 36000 | G29: =G28+F29 -> 36000
G30: =G29-F30-E30 -> 36000
A31: 1 | B31: 44438 | C31: Nakit 2000 TL | F31: 2000 | G31: =G30-F31-E31 -> 34000
A32: 2 | B32: 44469 | C32: Nakit 2000 TL | F32: 2000 | G32: =G31-F32-E32 -> 32000
A33: 3 | B33: 44499 | C33: Nakit 2000 TL | F33: 2000 | G33: =G32-F33-E33 -> 30000
A34: 4 | B34: 44530 | C34: Nakit 2000 TL | F34: 2000 | G34: =G33-F34-E34 -> 28000
A35: 5 | B35: 44560 | C35: Nakit 2000 TL | F35: 2000 | G35: =G34-F35-E35 -> 26000
A36: 6 | B36: 44591 | C36: Nakit 2000 TL | F36: 2000 | G36: =G35-F36-E36 -> 24000
A37: 7 | B37: 44620 | C37: Nakit 3000 TL ödendi | F37: 3000 | G37: =G36-F37-E37 -> 21000
A38: 8 | B38: 44650 | C38: Nakit 3000 TL | F38: 3000 | G38: =G37-F38-E38 -> 18000
A39: 9 | B39: 44681 | C39: Nakit 3000 TL 10-05-2022 | F39: 5000 | G39: =G38-F39-E39 -> 13000
A40: 10 | B40: 44711 | C40: Nakit 5000 TL | F40: 3000 | G40: =G39-F40-E40 -> 10000
A41: 11 | B41: 44742 | C41: Nakit 5000 TL 05-07-2022 | E41: 4000 | G41: =G40-F41-E41 -> 6000
A42: 12 | B42: 44772 | C42: Nakit 5000 TL 29-08-2022 3000 | E42: 5000 | G42: =G41-F42-E42 -> 1000
A43: 13 | C43: GECİKEN ÖDEME -------------- 2000 | G43: =G42-F43-E43 -> 1000
A44: 14 | C44: GECİKEN ÖDEME -------------- | F44: 1000 | G44: =G43-F44-E44 -> 0
G45: =G44-F45-E45 -> 0
C46: Dönem Sonu Kalan BAKİYE | G46: =G45-F46-E46 -> 0
C54: DÖNEM 3 Aylık Tutar | G54: =F56/12 -> 5000
C55: AÜ | F55: 4253 | G55: =F61/F55 -> 14.107689
C56: 28-02-2023 27-02-2024 DÖNEMİ | F56: =F61 -> 60000
C57: Önceki dönem tüfeli bedel | F57: =F23+F24 -> 30235.2
B58: 44772 | C58: ŞUBAT 2023 TÜFE | D58: 0.7183 | F58: =F57*D58 -> 21717.944
C59: tüfeli toplam | F59: =F57+F58 -> 51953.144
E60: BANKA | F60: tutar | G60: bakiye
C61: DÖNEM 3 Hesabı 12*5= 60000 | F61: 60000 | G61: =F61 -> 60000
G62: =G61-F62-E62 -> 60000
A63: 1 | B63: 44803 | C63: Nakit 3000 TL | F63: 3000 | G63: =G62-F63-E63 -> 57000
A64: 2 | B64: 44834 | C64: Nakit 3000 TL 4-10-2022 | F64: 3000 | G64: =G63-F64-E64 -> 54000
A65: 3 | B65: 44864 | C65: Nakit 3000 TL | F65: 3000 | G65: =G64-F65-E65 -> 51000
A66: 4 | B66: 44895 | C66: Nakit 3000 TL 8-12-2022 | F66: 3000 | G66: =G65-F66-E66 -> 48000
A67: 5 | B67: 44925 | C67: Nakit 3000 TL | E67: 3000 | G67: =G66-F67-E67 -> 45000
A68: 6 | B68: 44956 | C68: bankadan 06-02-2023 | E68: 6000 | G68: =G67-F68-E68 -> 39000
A69: 7 | B69: 44985 | C69: Nakit 6500 TL 02-03-2023 | F69: 6500 | G69: =G68-F69-E69 -> 32500
A70: 8 | B70: 45015 | C70: Nakit 6500 TL | F70: 6500 | G70: =G69-F70-E70 -> 26000
A71: 9 | B71: 45046 | C71: Nakit 6500 TL | F71: 6500 | G71: =G70-F71-E71 -> 19500
A72: 10 | B72: 45076 | C72: Nakit 6500 TL 03-06-2023 | F72: 6500 | G72: =G71-F72-E72 -> 13000
A73: 11 | B73: 45107 | C73: Nakit 6500 TL | F73: 6500 | G73: =G72-F73-E73 -> 6500
A74: 12 | B74: 45137 | C74: Nakit 6500 TL | F74: 6500 | G74: =G73-F74-E74 -> 0
G75: =G74-F75-E75 -> 0
C76: Dönem Sonu Kalan BAKİYE | G76: =G75-F76-E76 -> 0
C78: DÖNEM 4 Aylık Tutar | G78: =(F80)/12 -> 12600
C79: AÜ | F79: 17002 | G79: =(F86+F87+F88)/F79 -> 8.8930714
C80: 28-02-2024 27-02-2025 DÖNEMİ | F80: =SUM(F86:F88) -> 151200
C81: Önceki dönem tüfeli bedel | F81: =F57+F58 -> 51953.144
B82: 45137 | C82: ŞUBAT 2024 TÜFE | D82: 0.5591 | F82: =F81*D82 -> 29047.003
C83: tüfeli toplam | F83: =F81+F82 -> 81000.147
E84: BANKA | F84: tutar | G84: bakiye
C85: DÖNEM 4 Hesabı 151216 | G85: =F85 -> 0
C86: 6500 | D86: 6 | F86: =D86*C86 -> 39000 | G86: =G85+F86 -> 39000
C87: 17000 | D87: 4 | F87: =D87*C87 -> 68000 | G87: =G86+F87 -> 107000
C88: 22100 | D88: 2 | F88: =D88*C88 -> 44200 | G88: =G87+F88 -> 151200
G89: =G88+F89 -> 151200
C90: DÖNEM 3 Hesabı | G90: =G89+F90 -> 151200
G91: =G90-F91-E91 -> 151200
A92: 1 | B92: 45168 | C92: Nakit 6500 TL | F92: 6500 | G92: =G91-F92-E92 -> 144700
A93: 2 | B93: 45199 | C93: Nakit 6500 TL 05-10-2023 | E93: 6500 | G93: =G92-F93-E93 -> 138200
A94: 3 | B94: 45229 | C94: Nakit 6500 TL | F94: 6500 | G94: =G93-F94-E94 -> 131700
A95: 4 | B95: 45260 | C95: Nakit 6500 TL | F95: 6500 | G95: =G94-F95-E95 -> 125200
A96: 5 | B96: 45290 | C96: Nakit 6500 TL | F96: 6500 | G96: =G95-F96-E96 -> 118700
A97: 6 | B97: 45321 | C97: Nakit 6500 TL 06-02-2024 | F97: 6500 | G97: =G96-F97-E97 -> 112200
A98: 7 | B98: 45350 | C98: Nakit 15000 TL 07-03-2024 | F98: 6500 | G98: =G97-F98-E98 -> 105700
A99: 8 | B99: 45381 | C99: Nakit 15000 TL 04-04-2024 | F99: 15000 | G99: =G98-F99-E99 -> 90700
A100: 9 | B100: 45412 | C100: Nakit 15000 TL | F100: 15000 | G100: =G99-F100-E100 -> 75700
A101: 10 | B101: 45442 | C101: Nakit 15000 TL | F101: 15000 | G101: =G100-F101-E101 -> 60700
A102: 11 | B102: 45473 | C102: bankadan 15000 TL 08-07-2024 | E102: 15000 | G102: =G101-F102-E102 -> 45700
A103: 12 | B103: 45503 | C103: Nakit 15000 TL | F103: 15000 | G103: =G102-F103-E103 -> 30700
G104: =G103-F104-E104 -> 30700
C105: Dönem Sonu Kalan BAKİYE | G105: =G104-F105-E105 -> 30700
C108: DÖNEM 5 Aylık Tutar | G108: =F110/10 -> 22100
C109: AÜ | F109: 22104 | G109: =F116/F109 -> 9.9981904
C110: 28-02-2025 31-1-2025 DÖNEMİ 10 ay | F110: =F116 -> 221000
C111: Önceki dönem tüfeli bedel | F111: =F81+F82 -> 81000.147
...

Sheet DGS_31-05-24
B1: 31-05-2024 Adem Dumana bildirildi
B3: MEVCUT DEVAM EDEN DURUM | F3: 28-02-2024 --> 27-02-2025
B4: Temmuz sonundan itibaren uygulanmayacak
B5: Ödeme Tarihi | C5: Açıklama | D5: Ödenecek | E5: Ödenen | F5: Bakiye
B6: 45168 | C6: 1 / 12 | D6: 6500 | E6: 6500 | F6: =D6-E6 -> 0
B7: 45199 | C7: 2 / 12 | D7: 6500 | E7: 6500 | F7: =D7-E7+F6 -> 0
B8: 45229 | C8: 3 / 12 | D8: 6500 | E8: 6500 | F8: =D8-E8+F7 -> 0
B9: 45260 | C9: 4 / 12 | D9: 6500 | E9: 6500 | F9: =D9-E9+F8 -> 0
B10: 45290 | C10: 5 / 12 | D10: 6500 | E10: 6500 | F10: =D10-E10+F9 -> 0
B11: 45321 | C11: 6 / 12 | D11: 6500 | E11: 6500 | F11: =D11-E11+F10 -> 0
B12: 45351 | C12: 7 / 12 | D12: 15000 | E12: 6500 | F12: =D12-E12+F11 -> 8500
B13: 45381 | C13: 8 / 12 | D13: 15000 | E13: 15000 | F13: =D13-E13+F12 -> 8500
B14: 45412 | C14: 9 / 12 | D14: 15000 | E14: 15000 | F14: =D14-E14+F13 -> 8500
B15: 45442 | C15: 10 / 12 | D15: 15000 | F15: =D15-E15+F14 -> 23500
B16: 45473 | C16: 11 / 12 | D16: 15000 | F16: =D16-E16+F15 -> 38500
B17: 45503 | C17: 12 / 12 | D17: 15000 | F17: =D17-E17+F16 -> 53500
F18: =D18-E18+F17 -> 53500
C19: TOPLAMLAR | D19: =SUM(D6:D18) -> 129000 | E19: =SUM(E6:E18) -> 75500 | F19: =F18 -> 53500
C20: Aylık ortalama | D20: =D19/12 -> 10750
B24: 1. SEÇENEK | C24: AYLIK ÖDEMEYLE DEVAM | F24: 28-02-2025 --> 27-02-2026
B26: Ödeme Tarihi | C26: Açıklama | D26: Ödenecek | E26: Ödenen | F26: Bakiye
B27: 45534 | C27: 1 / 12 asgari ücret tutarı
B28: 45565 | C28: 2 / 12 asgari ücret tutarı
B29: 45595 | C29: 3 / 12 asgari ücret tutarı
B30: 45626 | C30: 4 / 12 asgari ücret tutarı
B31: 45656 | C31: 5 / 12 asgari ücret tutarı
B32: 45687 | C32: 6 / 12 asgari ücret tutarı
B33: 45716 | C33: 7 / 12 asgari ücret tutarı
B34: 45746 | C34: 8 / 12 asgari ücret tutarı
B35: 45777 | C35: 9 / 12 asgari ücret tutarı
B36: 45807 | C36: 10 / 12 asgari ücret tutarı
B37: 45838 | C37: 11 / 12 asgari ücret tutarı
B38: 45868 | C38: 12 / 12 asgari ücret tutarı
B43: 2. SEÇENEK | C43: ERKEN YILLIK PEŞİN ÖDEME | F43: 28-02-2025 --> 27-02-2026
B45: Ödeme Tarihi | C45: Açıklama | D45: Ödenecek | E45: Ödenen | F45: Bakiye
B47: 45534 | C47: Tek Ödeme 17002 x 12 | D47: 204024
B53: 3. SEÇENEK | C53: DÖNEM BAŞI YILLIK PEŞİN ÖDEME | F53: 28-02-2025 --> 27-02-2026
B55: Ödeme Tarihi | C55: Açıklama | D55: Ödenecek | E55: Ödenen | F55: Bakiye
B57: 45716 | C57: Tek Ödeme asgari ücret x 12

Sheet 2024
B2: 44255 | C2: 28-02-2021 * 27-02-22 | G2: Ödenecek Toplam 24000 | N2: temmuz | R2: ASGARİ ÜCRET
B3: Tarih | C3: Açıklama | D3: Ödenecek | E3: Ödenen | F3: Bakiye | J3: aylık | K3: + | L3: yıllık | N3: tüfe % | O3: tüfeli fiyat | Q3: TL | R3: adet
B4: 44255 | C4: nakit | D4: 2000 | E4: 2000 | F4: =D4-E4 -> 0 | I4: 2021 | J4: =L4/12 -> 2000 | L4: =E11 -> 24000 | O4: 24000 | Q4: 2320 | R4: =L4/Q4 -> 10.344828
B5: 44285 | C5: Senet 2000 x | D5: 2000 | E5: 2000 | F5: =F4+D5-E5 -> 0 | I5: 2022 | J5: =L5/12 -> 3000 | K5: =L5/L4-1 -> 0.5 | L5: =$E$27 -> 36000 | N5: 0.2598 | O5: =(O4+(L4*N5)) -> 30235.2 | Q5: 2830 | R5: =L5/Q5 -> 12.720848
B6: 44316 | C6: Senet 2000 x | D6: 2000 | E6: 2000 | F6: =F5+D6-E6 -> 0 | I6: 2023 | J6: =L6/12 -> 5000 | K6: =L6/L5-1 -> 0.66666667 | L6: =E43 -> 60000 | N6: 0.7183 | O6: =(O5+(L5*N6)) -> 56094 | Q6: 5500 | R6: =L6/Q6 -> 10.909091
B7: 44346 | C7: Senet 2000 x | D7: 2000 | E7: 1000 | F7: =F6+D7-E7 -> 1000 | I7: 2024 | J7: =L7/12 -> 10041.667 | K7: =L7/L6-1 -> 1.0083333 | L7: =E59 -> 120500 | N7: 0.5591 | O7: =(O6+(L6*N7)) -> 89640 | Q7: 11400 | R7: =L7/Q7*2 -> 21.140351
B8: 44377 | C8: Senet 2000 x | D8: 2000 | E8: 3000 | F8: =F7+D8-E8 -> 0 | I8: 2025 | J8: =L8/12 -> 7500 | K8: =L8/L7-1 -> -0.25311203 | L8: =E76 -> 90000 | N8: 0.5 | O8: =(O7+(L7*N8)) -> 149890 | Q8: 22104 | R8: 12
B9: 44407 | C9: Senet 14000 x | D9: 14000 | E9: 9000 | F9: =F8+D9-E9 -> 5000
B10: 44446 | C10: Nakit | E10: 5000 | F10: =F9+D10-E10 -> 0 | L10: =SUM(L4:L7) -> 240500 | O10: =SUM(O4:O7) -> 199969.2
D11: Toplam Ödenen | E11: =SUM(E4:E10) -> 24000
C12: 28-02-2022 * 27-02-23 | G12: Ödenecek Toplam 36000 | L12: bankadan ödeme | O12: =H76 -> 99500
B13: Tarih | C13: Açıklama | D13: Ödenecek | E13: Ödenen | F13: Bakiye
B14: 44438 | C14: Senet 2000 x | D14: 2000 | E14: 0 | F14: =D14-E14 -> 2000
B15: 44469 | C15: Senet 2000 x | D15: 2000 | E15: 4000 | F15: =F14+D15-E15 -> 0
B16: 44499 | C16: Senet 2000 x | D16: 2000 | E16: 2000 | F16: =F15+D16-E16 -> 0
B17: 44530 | C17: Senet 2000 X | D17: 2000 | E17: 2000 | F17: =F16+D17-E17 -> 0
B18: 44560 | C18: Senet 2000 | D18: 2000 | E18: 2000 | F18: =F17+D18-E18 -> 0
B19: 44591 | C19: Senet 2000 | D19: 2000 | E19: 2000 | F19: =F18+D19-E19 -> 0
B20: 44620 | C20: Nakit 3000 | D20: 3000 | E20: 3000 | F20: =F19+D20-E20 -> 0
B21: 44650 | C21: Nakit 3000 | D21: 3000 | E21: 3000 | F21: =F20+D21-E21 -> 0
B22: 44681 | C22: Nakit 3000 10-05-2022 | D22: 3000 | E22: 5000 | F22: =F21+D22-E22 -> -2000
B23: 44711 | C23: Nakit 5000 | D23: 5000 | E23: 3000 | F23: =F22+D23-E23 -> 0
B24: 44742 | C24: BANKADAN 5-7 4000 | D24: 5000 | E24: 4000 | F24: =F23+D24-E24 -> 1000 | H24: 4000
B25: 44772 | C25: BANKADAN 29-8 5000 | D25: 5000 | E25: 5000 | F25: =F24+D25-E25 -> 1000 | H25: 5000
B26: 44803 | C26: Nakit | E26: 1000 | F26: =F25+D26-E26 -> 0
D27: Toplam Ödenen | E27: =SUM(E14:E26) -> 36000
C28: 28-02-2023 * 27-02-24 Bir yıl | G28: Ödenecek Toplam 62280
C29: 2023 indirim | E29: 2280
B30: Tarih | C30: Açıklama | D30: Ödenecek | E30: Ödenen | F30: Bakiye
B31: 45167 | C31: Nakit 3000 | D31: 3000 | E31: 3000 | F31: =D31-E31 -> 0
B32: 44834 | C32: Nakit 3000 | D32: 3000 | E32: 3000 | F32: =F31+D32-E32 -> 0
B33: 44865 | C33: Nakit 3000 | D33: 3000 | E33: 3000 | F33: =F32+D33-E33 -> 0
B34: 44895 | C34: Nakit 3000 | D34: 3000 | E34: 3000 | F34: =F33+D34-E34 -> 0
B35: 44925 | C35: Nakit 3000 bankadan | D35: 3000 | E35: 3000 | F35: =F34+D35-E35 -> 0 | H35: 3000
B36: 44956 | C36: Nakit 3000 bankadan 6-2 | D36: 6000 | E36: 6000 | F36: =F35+D36-E36 -> 0 | H36: 6000
B37: 44985 | C37: Nakit 3000 ELDEN | D37: 6500 | E37: 6500 | F37: =F36+D37-E37 -> 0
B38: 45015 | C38: Nakit 6500 | D38: 6500 | E38: 6500 | F38: =F37+D38-E38 -> 0
B39: 45046 | C39: Nakit 6500 | D39: 6500 | E39: 6500 | F39: =F38+D39-E39 -> 0
B40: 45076 | C40: Nakit 6500 | D40: 6500 | E40: 6500 | F40: =F39+D40-E40 -> 0
B41: 45107 | C41: Nakit 6500 | D41: 6500 | E41: 6500 | F41: =F40+D41-E41 -> 0
B42: 45137 | C42: Nakit 6500 | D42: 6500 | E42: 6500 | F42: =F41+D42-E42 -> 0
D43: Toplam Ödenen | E43: =SUM(E31:E42) -> 60000
C44: 28-02-2024 * 27-02-2025 | G44: Ödenecek Toplam 39000
B45: Tarih | C45: Açıklama | D45: Ödenecek | E45: Ödenen | F45: Bakiye
B46: 45168 | C46: Nakit | D46: 6500 | E46: 6500 | F46: =D46-E46 -> 0
B47: 45199 | C47: bankadan | D47: 6500 | E47: 6500 | F47: =D47-E47+F46 -> 0 | H47: 6500
B48: 45229 | C48: nakit | D48: 6500 | E48: 6500 | F48: =D48-E48+F47 -> 0
B49: 45260 | C49: nakit | D49: 6500 | E49: 6500 | F49: =D49-E49+F48 -> 0
B50: 45290 | C50: nakit | D50: 6500 | E50: 6500 | F50: =D50-E50+F49 -> 0
B51: 45321 | C51: Nakit | D51: 6500 | E51: 6500 | F51: =D51-E51+F50 -> 0
B52: 45351 | C52: Nakit | D52: 15000 | E52: 6500 | F52: =D52-E52+F51 -> 8500
B53: 45381 | C53: Nakit | D53: 15000 | E53: 15000 | F53: =D53-E53+F52 -> 8500
B54: 45411 | D54: 15000 | E54: 15000 | F54: =D54-E54+F53 -> 8500
B55: 45441 | D55: 15000 | E55: 15000 | F55: =D55-E55+F54 -> 8500
B56: 45471 | C56: 08-07-24 banka | D56: 15000 | E56: 15000 | F56: =D56-E56+F55 -> 8500 | H56: 15000
B57: 45501 | D57: 15000 | E57: 15000 | F57: =D57-E57+F56 -> 8500
D59: Toplam Ödenen | E59: =SUM(E46:E57) -> 120500
C61: 28-02-2025 * 27-02-2026 | G61: Ödenecek Toplam
B62: Tarih | C62: Açıklama | D62: Ödenecek | E62: Ödenen | F62: Bakiye
B63: 45534 | C63: 09-09-24 bnaka | D63: 22104 | E63: 15000 | F63: =D63-E63 -> 7104 | H63: 15000
B64: 45565 | C64: 09-10-24 banka | D64: =D63 -> 22104 | E64: 15000 | F64: =D64-E64+F63 -> 14208 | H64: 15000
B65: 45595 | C65: 11-11-24 banka | D65: =D64 -> 22104 | E65: 15000 | F65: =D65-E65+F64 -> 21312 | H65: 15000
B66: 45626 | C66: 11-12-24 banka | D66: =D65 -> 22104 | E66: 15000 | F66: =D66-E66+F65 -> 28416 | H66: 15000
B67: 45656 | D67: =D66 -> 22104 | E67: 15000 | F67: =D67-E67+F66 -> 35520
B68: 45687 | D68: =D67 -> 22104 | E68: 15000 | F68: =D68-E68+F67 -> 42624
B69: 29.02.2025 | D69: =D68 -> 22104 | F69: =D69-E69+F68 -> 64728
B70: 45746 | D70: =D69 -> 22104 | F70: =D70-E70+F69 -> 86832
B71: 45776 | D71: =D70 -> 22104 | F71: =D71-E71+F70 -> 108936
B72: 45806 | D72: =D71 -> 22104 | F72: =D72-E72+F71 -> 131040
B73: 45836 | D73: =D72 -> 22104 | F73: =D73-E73+F72 -> 153144
B74: 45866 | D74: =D73 -> 22104 | F74: =D74-E74+F73 -> 175248
D76: Toplam Ödenen | E76: =SUM(E61:E74) -> 90000 | H76: =SUM(H4:H75) -> 99500

Sheet 02--_Tzgmrg
B3: Tuzgümrüğü kira
A6: Tarih | B6: Açıklama | C6: Kira bedeli | D6: Ödeme | E6: Bakiye | F6: Masraf | G6: Kalan Kira
A8: 44946 | B8: 26-12-2022 bankadan 3300 | C8: 1650 | D8: 1650 | E8: =C8-D8 -> 0 | G8: =D8-F8 -> 1650
A9: 44977 | B9: 26-12-2022 bankadan 3300 | C9: 1650 | D9: 1650 | E9: =E8-D9+C9 -> 0 | G9: =D9-F9 -> 1650
A10: 45005 | C10: 1650 | D10: 1650 | E10: =E9-D10+C10 -> 0 | G10: =D10-F10 -> 1650
B11: 30-4-2023-24 | E11: =E10-D11+C11 -> 0 | G11: =D11-F11 -> 0
A12: 44671 | B12: Salih Kaymak | E12: =E11-D12+C12 -> 0 | G12: =D12-F12 -> 0
B13: *12 | E13: =E12-D13+C13 -> 0 | G13: =D13-F13 -> 0
A14: 45036 | C14: 2800 | D14: 2800 | E14: =E13-D14+C14 -> 0 | G14: =D14-F14 -> 2800
A15: 45066 | C15: 2800 | D15: 2800 | E15: =E14-D15+C15 -> 0 | G15: =D15-F15 -> 2800
A16: 45097 | C16: 2800 | D16: 2800 | E16: =E15-D16+C16 -> 0 | G16: =D16-F16 -> 2800
A17: 45127 | C17: 2800 | D17: 2800 | E17: =E16-D17+C17 -> 0 | G17: =D17-F17 -> 2800
A18: 45158 | C18: 2800 | D18: 2800 | E18: =E17-D18+C18 -> 0 | G18: =D18-F18 -> 2800
A19: 45189 | C19: 2800 | D19: 2800 | E19: =E18-D19+C19 -> 0 | G19: =D19-F19 -> 2800
A20: 45232 | B20: bankadan 5600 1/2 | C20: 2800 | D20: 2800 | E20: =E19-D20+C20 -> 0 | G20: =D20-F20 -> 2800
A21: 45250 | B21: bankadan 2/2 | C21: 2800 | D21: 2800 | E21: =E20-D21+C21 -> 0 | G21: =D21-F21 -> 2800
A22: 45280 | C22: 2800 | D22: 2800 | E22: =E21-D22+C22 -> 0 | G22: =D22-F22 -> 2800
A23: 45311 | C23: 2800 | D23: 2800 | E23: =E22-D23+C23 -> 0 | G23: =D23-F23 -> 2800
A24: 45342 | C24: 2800 | D24: 2800 | E24: =E23-D24+C24 -> 0 | G24: =D24-F24 -> 2800
A25: 45371 | C25: 2800 | D25: 2800 | E25: =E24-D25+C25 -> 0 | G25: =D25-F25 -> 2800
B27: Toplamlar | C27: =SUM(C8:C26) -> 38550 | D27: =SUM(D8:D26) -> 38550 | E27: =E22 -> 0 | F27: =SUM(F12:F26) -> 0 | G27: =D27-F27 -> 38550
E29: Tuzgümrüğü Toplam Kira Geliri | G29: =G27 -> 38550
E31: Hacı | F31: 1 | G31: =G29*$F$31 -> 38550
B37: 2022
B39: Tuzgümrüğü kira
A42: Tarih | B42: Açıklama | C42: Kira bedeli | D42: Ödeme | E42: Bakiye | F42: Masraf | G42: Kalan Kira
A44: 44581 | B44: 2021 den kalan | C44: 3000 | E44: =C44-D44 -> 3000 | G44: =D44-F44 -> 0
A45: 44612 | D45: 3000 | E45: =E44-D45 -> 0 | G45: =D45-F45 -> 3000
A46: 44640 | E46: =E45-D46 -> 0 | G46: =D46-F46 -> 0
B47: 30-4-2022-23 | E47: =E46-D47 -> 0 | G47: =D47-F47 -> 0
A48: 44671 | B48: Salih Kaymak | E48: =E47-D48 -> 0 | G48: =D48-F48 -> 0
B49: 1650*12 | E49: =E48-D49 -> 0 | G49: =D49-F49 -> 0
A50: 44671 | B50: 12-05-2022 ilk ödeme | C50: 1650 | D50: 1600 | E50: =C50-D50+E49 -> 50 | G50: =D50-F50 -> 1600
A51: 44701 | C51: 1650 | D51: 1650 | E51: =E50+C51-D51 -> 50 | G51: =D51-F51 -> 1650
A52: 44732 | C52: 1650 | D52: 1650 | E52: =E51+C52-D52 -> 50 | G52: =D52-F52 -> 1650
A53: 44762 | C53: 1650 | D53: 1650 | E53: =E52+C53-D53 -> 50 | G53: =D53-F53 -> 1650
A54: 44793 | C54: 1650 | D54: 1650 | E54: =E53+C54-D54 -> 50 | G54: =D54-F54 -> 1650
A55: 44824 | C55: 1650 | D55: 1650 | E55: =E54+C55-D55 -> 50 | G55: =D55-F55 -> 1650
A56: 44854 | C56: 1650 | D56: 1650 | E56: =E55+C56-D56 -> 50 | G56: =D56-F56 -> 1650
A57: 44885 | C57: 1650 | D57: 1650 | E57: =E56+C57-D57 -> 50 | G57: =D57-F57 -> 1650
A58: 44915 | B58: 44912 | C58: 1650 | D58: 1650 | E58: =E57+C58-D58 -> 50 | G58: =D58-F58 -> 1650
A59: 44946 | B59: 26-12-2022 bankadan 3300 | C59: 1650 | D59: 1650 | E59: =E58+C59-D59 -> 50 | G59: =D59-F59 -> 1650
A60: 44612 | B60: 26-12-2022 bankadan 3300 | C60: 1650 | D60: 1650 | E60: =E59+C60-D60 -> 50 | G60: =D60-F60 -> 1650
A61: 44640 | C61: 1650 | E61: =E60+C61-D61 -> 1700 | G61: =D61-F61 -> 0
B63: Toplamlar | C63: =SUM(C44:C62) -> 22800 | D63: =SUM(D44:D62) -> 21100 | E63: =E58 -> 50 | F63: =SUM(F48:F62) -> 0 | G63: =D63-F63 -> 21100
E65: Tuzgümrüğü Toplam Kira Geliri | G65: =G63 -> 21100
E67: Hacı | F67: 1 | G67: =G65*$F$31 -> 21100

Sheet 01-03-HAKAN
E1: 45233
B2: DOĞUŞ TİC. - HAKAN BALCI 2003-2012 HESAP CETVELİ
A3: 2003-2004 | C3: evrak no | D3: alınan | E3: ödeme | F3: bakiye
B4: Ny 2003 | D4: 17075.75 | F4: =D4+E4 -> 17075.75
A5: 38253 | B5: yb | D5: 90 | F5: =F4+D5+E5 -> 17165.75
B6: yb | D6: 45 | F6: =F5+D6+E6 -> 17210.75
B7: örtü | D7: 5 | F7: =F6+D7+E7 -> 17215.75
B8: yb | D8: 36 | F8: =F7+D8+E8 -> 17251.75
B9: Araba kredi 7 | D9: 725 | F9: =F8+D9+E9 -> 17976.75
B10: Araba kredi 8 | D10: 725 | F10: =F9+D10+E10 -> 18701.75
B11: Araba kredi 9 | D11: 725 | F11: =F10+D11+E11 -> 19426.75
B12: vergi | D12: 1200 | F12: =F11+D12+E12 -> 20626.75
B13: Araba kredi 10 | D13: 725 | F13: =F12+D13+E13 -> 21351.75
B14: pls | D14: 65 | F14: =F13+D14+E14 -> 21416.75
B15: tunç perde | D15: 400 | F15: =F14+D15+E15 -> 21816.75
B16: Araba kredi 11 | D16: 725 | F16: =F15+D16+E16 -> 22541.75
B17: Araba kredi 12 | D17: 725 | F17: =F16+D17+E17 -> 23266.75
B18: vergi | D18: 4500 | F18: =F17+D18+E18 -> 27766.75
A19: 38328 | B19: Vakıf kredi 1 | C19: 1 | D19: 2426 | F19: =F18+D19+E19 -> 30192.75
B20: ssk | D20: 1520 | F20: =F19+D20+E20 -> 31712.75
B21: 26-2 çek HAKANDAN | E21: -2000 | F21: =F20+D21+E21 -> 29712.75
B22: 27-2 çek HAKANDAN | E22: -3000 | F22: =F21+D22+E22 -> 26712.75
B23: 5-3 çek HAKANDAN | E23: -3750 | F23: =F22+D23+E23 -> 22962.75
A24: 38352 | B24: sanayi hesabı | E24: -1960 | F24: =F23+D24+E24 -> 21002.75
C25: 2004 yıl içi toplamı | D25: =SUM(D5:D24) -> 14637 | E25: =SUM(E5:E24) -> -10710
A28: 2005 | C28: evrak no | D28: alınan | E28: ödeme | F28: bakiye
E29: 2004 NY | F29: =F24 -> 21002.75
A30: 38366 | B30: bağkur | C30: 2 | D30: 677 | F30: =F29+D30+E30 -> 21679.75
A31: 38369 | B31: Vakıf kredi 1 | C31: 3 | D31: 2466.32 | F31: =F30+D31+E31 -> 24146.07
A32: 38378 | B32: tvn | D32: 200 | F32: =F31+D32+E32 -> 24346.07
B33: pls | D33: 140 | F33: =F32+D33+E33 -> 24486.07
B34: kdv | D34: 1000 | F34: =F33+D34+E34 -> 25486.07
A35: 38383 | B35: Araba kredi 1 | D35: 760 | F35: =F34+D35+E35 -> 26246.07
A36: 38411 | B36: Araba kredi 2 | D36: 760 | F36: =F35+D36+E36 -> 27006.07
A37: 38421 | B37: Vakıf kredi 2 | C37: 4 | D37: 2568.86 | F37: =F36+D37+E37 -> 29574.93
A38: 38422 | B38: Vakıf kredi 3 | C38: 5 | D38: 2414.08 | F38: =F37+D38+E38 -> 31989.01
A39: 38422 | B39: Vakıf kredi 4 | C39: 6 | D39: 2279.24 | F39: =F38+D39+E39 -> 34268.25
A40: 38442 | B40: Araba kredi 3 | D40: 742 | F40: =F39+D40+E40 -> 35010.25
B41: pls | D41: 65 | F41: =F40+D41+E41 -> 35075.25
B42: stn | D42: 5 | F42: =F41+D42+E42 -> 35080.25
A43: 38472 | B43: Araba kredi 4 | D43: 742 | F43: =F42+D43+E43 -> 35822.25
B44: maliye | D44: 10 | F44: =F43+D44+E44 -> 35832.25
B45: fırça | D45: 3 | F45: =F44+D45+E45 -> 35835.25
A46: 38503 | B46: Araba kredi 5 | D46: 750 | F46: =F45+D46+E46 -> 36585.25
A47: 38506 | B47: Vakıf kredi 5 | C47: 7 | D47: 2547.8 | F47: =F46+D47+E47 -> 39133.05
A48: 38506 | B48: Vakıf kredi 6 | C48: 8 | D48: 2392.65 | F48: =F47+D48+E48 -> 41525.7
B49: gırgıroğlu | D49: 116 | F49: =F48+D49+E49 -> 41641.7
A50: 38582 | B50: kk | C50: 10 | D50: 7455.35 | F50: =F49+D50+E50 -> 49097.05
A51: 38582 | B51: kk | C51: 11 | D51: 80.73 | F51: =F50+D51+E51 -> 49177.78
A52: 38582 | B52: iş döviz alım | C52: 9 | D52: 10861.5 | F52: =F51+D52+E52 -> 60039.28
A53: 38477 | B53: iş yatan | C53: 12 | D53: 1500 | F53: =F52+D53+E53 -> 61539.28
A54: 38603 | B54: vakıf kredi 7 | C54: 13 | D54: 2494.27 | F54: =F53+D54+E54 -> 64033.55
A55: 38603 | B55: vakıf kredi 8 | C55: 14 | D55: 2379.15 | F55: =F54+D55+E55 -> 66412.7
A56: 38603 | B56: vakıf kredi 9 | C56: 15 | D56: 2623.01 | F56: =F55+D56+E56 -> 69035.71
B57: elden verilen | D57: 3900 | F57: =F56+D57+E57 -> 72935.71
B58: elden standox | D58: 3540 | F58: =F57+D58+E58 -> 76475.71
B59: ziraatten alınan | E59: -7040 | F59: =F58+D59+E59 -> 69435.71
A60: 38643 | B60: vakıf kredi 10 | C60: 16 | D60: 2421.46 | F60: =F59+D60+E60 -> 71857.17
A61: 38643 | B61: vakıf kredi 11 | C61: 17 | D61: 2309.5 | F61: =F60+D61+E61 -> 74166.67
A62: 38643 | B62: san iş kredili mevduat | C62: 18 | D62: 10165 | F62: =F61+D62+E62 -> 84331.67
B63: taşıt pulu | D63: 500 | F63: =F62+D63+E63 -> 84831.67
B64: soba by | D64: 30 | F64: =F63+D64+E64 -> 84861.67
B65: taşıt pulu | D65: 105 | F65: =F64+D65+E65 -> 84966.67
B66: ali ülkü | D66: 1000 | F66: =F65+D66+E66 -> 85966.67
C67: 2005 yıl içi toplamı | D67: =SUM(D30:D66) -> 72003.92 | E67: =SUM(E30:E66) -> -7040
A71: 2006 | C71: evrak no | D71: alınan | E71: ödeme | F71: bakiye
E72: Ny 2005 | F72: =F66 -> 85966.67
A73: 2006 | B73: 2006 hesap | D73: 3150 | F73: =F72+D73+E73 -> 89116.67
B74: hasözgen | D74: 200 | F74: =F73+D74+E74 -> 89316.67
B75: hilal koop | D75: 49 | F75: =F74+D75+E75 -> 89365.67
B76: opel fatih | D76: 115 | F76: =F75+D76+E76 -> 89480.67
A77: 38762 | B77: vakıf kredi 12 | C77: 19 | D77: 2755 | F77: =F76+D77+E77 -> 92235.67
A78: 38762 | B78: vakıf kredi 13 | C78: 20 | D78: 2399.24 | F78: =F77+D78+E78 -> 94634.91
A79: 38762 | B79: vakıf kredi 14 | C79: 21 | D79: 2298.65 | F79: =F78+D79+E79 -> 96933.56
A80: 38762 | B80: vakıf kredi 15 | C80: 22 | D80: 2489.14 | F80: =F79+D80+E80 -> 99422.7
A81: 38762 | B81: vakıf kredi 16 | C81: 23 | D81: 2580.3 | F81: =F80+D81+E81 -> 102003
A82: 38762 | B82: vakıf kredi 17 | C82: 24 | D82: 30724.12 | F82: =F81+D82+E82 -> 132727.12
B83: opel lastik | E83: -250 | F83: =F82+D83+E83 -> 132477.12
B84: antipas | E84: -30 | F84: =F83+D84+E84 -> 132447.12
B85: eski hesap | E85: -603 | F85: =F84+D85+E85 -> 131844.12
B86: ev | D86: 208 | F86: =F85+D86+E86 -> 132052.12
B87: pls | D87: 216 | F87: =F86+D87+E87 -> 132268.12
B88: yb | D88: 164 | F88: =F87+D88+E88 -> 132432.12
B89: tiner | D89: 40 | F89: =F88+D89+E89 -> 132472.12
B90: pls | D90: 108 | F90: =F89+D90+E90 -> 132580.12
B91: ziraatten alınan | E91: -8908 | F91: =F90+D91+E91 -> 123672.12
B92: ziraat masraf | D92: 28 | F92: =F91+D92+E92 -> 123700.12
B93: alanya havale | D93: 5000 | F93: =F92+D93+E93 -> 128700.12
B94: oyakbanka yatan | D94: 500 | F94: =F93+D94+E94 -> 129200.12
B95: oyak must bülbül çek | E95: -2500 | F95: =F94+D95+E95 -> 126700.12
B96: polsn hvl | D96: 2500 | F96: =F95+D96+E96 -> 129200.12
B97: strfr | D97: 60 | F97: =F96+D97+E97 -> 129260.12
B98: strfr | D98: 72 | F98: =F97+D98+E98 -> 129332.12
B99: dış cph | D99: 7708 | F99: =F98+D99+E99 -> 137040.12
A100: 39007 | B100: iş faiz | D100: 172 | F100: =F99+D100+E100 -> 137212.12
A101: 39007 | B101: iş faiz | D101: 210 | F101: =F100+D101+E101 -> 137422.12
B102: populer | E102: -25 | F102: =F101+D102+E102 -> 137397.12
B103: populer | E103: -13 | F103: =F102+D103+E103 -> 137384.12
B104: elden alınan | E104: -1000 | F104: =F103+D104+E104 -> 136384.12
A105: 39001 | B105: ziraatten alınan | E105: -1274 | F105: =F104+D105+E105 -> 135110.12
...

Sheet 01-01-DGS
B1: DOĞUŞ TİCARET – NAZAN BALCI İŞ SONLANDIRMA HESAP CETVELİ
B2: 1994 yılında Doğuş Ticaret Ayten Balcı’ya ait arsaya 5 daire 1 dükkan
B3: olacak şekilde bir bina yaptı. | E3: 45233
C4: Değeri | D4: Kat Karşılığı | E4: Kime Ait | F4: Son Durum
B5: Daire 5 | C5: 80000 | D5: Arsa Sahibine | E5: Ayten Balcı | F5: Ayten Balcı
B6: Daire 4 | C6: 80000 | D6: Doğuş Ticaret | E6: Nazan Balcı | F6: Ayten Balcı
B7: Daire 3 | C7: 80000 | D7: Doğuş Ticaret | E7: Nazan Balcı | F7: Ayten Balcı
B8: Daire 2 satıldı | C8: 80000 | D8: Doğuş Ticaret | E8: Hacı | F8: Satıldı
B9: Daire 1 Satıldı | C9: 80000 | D9: Doğuş Ticaret | E9: Hacı | F9: Satıldı
B10: Dükkan Satıldı | C10: 30000 | D10: Doğuş Ticaret | E10: Hacı + Nazan | F10: Satıldı
A13: * | B13: daire 2 satıldı, Ali Paşa Hamam daki arsanın, Mustafa Işıklıyurt’a ait hisse satın alındı
B14: 2 nolu daire hacı ya ait olmasına rağmen ali paşa ortak alındığından dolayı daire den alınan
B15: paranın yarısı İsmail Balcıya geçmiş oldu. | F15: 80000
A16: * | B16: Dükkan satıldı parayı hacı aldı ortaklardan nazanın alacağı oluştu | F16: -30000
A17: * | B17: hakanın Doğuştan aldığı nakit | F17: ='01-03-HAKAN'!D179 -> 143534.12
A18: * | B18: 2007 de hacı doğuşa geçtiğinde borç ödemesi için mustafa balcı 50000 TL verdi. | F18: 50000
B20: 2015-ocak ayı Doğuşun; Denizbanka 365.000 TL, İşbank a 36.000 TL kredi borcu var
B21: Aylık borç ödemesi 6765+3409=10.174 TL. 1 USD=2.40 TL Aylık ödeme # 4239 USD #
B22: Dolar cinsinden borç yaklaşık 167000 USD
B23: Envanter yaklaşık 110 000 TL Satılabilir mal toplamı yaklaşık 60 000 TL = 25000 usd
B24: * Bu bilgiler şirkette aylık dönen paranın anlaşılabilmesi için verilmiştir.
C28: HACI ALACAK | D28: Bakiye | E28: TL – usd | F28: karşılığı
C29: TL | D29: TL | F29: USD
A30: 2005 | B30: İnşaat Daire 2 den kalan ½ | C30: =F15/2 -> 40000 | D30: =C30 -> 40000 | E30: 1.4 | F30: =C30/E30 -> 28571.429
A31: 04-07 | B31: Hakan BALCI Doğuştan verilen ½ | C31: =F17/2 -> 71767.06 | D31: =D30+C31 -> 111767.06 | E31: =C31/F31 -> 1.4427171 | F31: ='01-03-HAKAN'!F181/2 -> 49744.375
A32: 2008 | B32: mustafa balcıdan doğuşa verilen ½ | C32: =F18/2 -> 25000 | D32: =D31+C32 -> 136767.06 | E32: 1.31 | F32: =C32/E32 -> 19083.969
A33: 2017 | B33: Nazan Doğuş kapanış borcu ½ | C33: =F59*-1 -> 141563.55 | D33: =D32+C33 -> 278330.61 | E33: 3.55 | F33: =C33/E33 -> 39877.056
B34: 2017 yılı sonu | E34: hacının alacağı USD | F34: =SUM(F30:F33) -> 137276.83
C35: NAZAN ALACAK
B36: İnşaat Dükkandan nazana ½ | C36: -15000 | D36: =C36 -> -15000 | E36: 1.4 | F36: =C36/E36 -> -10714.286
D37: =D36+C37 -> -15000
E38: Nazanın alacağı USD | F38: =SUM(F36:F37) -> -10714.286
B39: Toplam TL | C39: =SUM(C30:C38) -> 263330.61
B40: 2017 yılı sonu | E40: hacının KALAN alacağı USD | F40: =F34+F38 -> 126562.54
B44: DOĞUŞ TİCARET KAPANIŞ HESABI 2017 | F44: TL
B45: sanayi boya dükkan masrafı mermer-alçıpan Ali Balcı | D45: TL | E45: -20000 | F45: =E45 -> -20000
B46: hacı bağkur borcu | D46: TL | E46: -24710 | F46: =F45+E46 -> -44710
B47: Envanter satış kdv | D47: TL | E47: -13750 | F47: =F46+E47 -> -58460
B48: maliye kapanışta vergi | D48: TL | E48: -7000 | F48: =F47+E48 -> -65460
B49: Firmalara ölan borçlar (yanar) | D49: TL | E49: -180984.36 | F49: =F48+E49 -> -246444.36
B50: Firmalara olan borçlar (diğer) | D50: TL | E50: -16268.74 | F50: =F49+E50 -> -262713.1
B51: Doğuş 2017 haziranda borçla kapandı 1 USD = 3,55 TL | F51: =F50+E51 -> -262713.1
B53: NAZAN BALCI – DOĞUŞ 2017 HESABI
B54: doğuş hesabı 1/2 | D54: TL | E54: =F51/2 -> -131356.55 | F54: =F53+E54 -> -131356.55
B55: 2011 emlak vergi | D55: TL | E55: -1862 | F55: =F54+E55 -> -133218.55
B56: nazana ait esnaf koop aidat ödemesi 15-2-2016 | D56: TL | E56: -650 | F56: =F55+E56 -> -133868.55
B57: 2013 2014 gelir vergisi farkı ankaradaki ev kira vergisi | D57: TL | E57: -1695 | F57: =F56+E57 -> -135563.55
B58: kümbet ev yalıtım hesabı * 100m2*60 TL | D58: TL | E58: -6000 | F58: =F57+E58 -> -141563.55
B59: DOĞUŞ KAPANIŞTA NAZAN BALCININ BORCU | D59: TL | F59: =F58+E59 -> -141563.55
B61: hacının kapanışta doğuşa borcu ½ | D61: TL | E61: =F51/2 -> -131356.55 | F61: =F60+E61 -> -131356.55
F62: =F61+E62 -> -131356.55
B64: Doğuş Kapanışta Toplam Borç | F64: =F59+F62 -> -272920.1

Sheet 01-02-DGS
D1: 45233
A3: Doğuşa Olan Borçlar | E3: BAKİYE
A4: Nazan – Hakanın doğuştan ödenen borçlar | B4: ='01-03-HAKAN'!F159 -> 143534.12 | C4: =B4/D4 -> 1.4427171 | D4: ='01-03-HAKAN'!F181 -> 99488.749 | E4: =D4 -> 99488.749
A5: Nazan – Doğuş kapanış borcu ½ | B5: ='01-01-DGS'!F59*-1 -> 141563.55 | C5: 3.55 | D5: =B5/C5 -> 39877.056 | E5: =E4+D5 -> 139365.81
A6: Hacı – Doğuş kapanış borcu ½ | B6: ='01-01-DGS'!F61*-1 -> 131356.55 | C6: 3.55 | D6: =B6/C6 -> 37001.845 | E6: =E5+D6 -> 176367.65
A7: DOĞUŞ KAPANIŞ ALACAK TOPLAMI | B7: =SUM(B4:B6) -> 416454.22 | D7: =SUM(D4:D6) -> 176367.65
A9: Doğuşun Borçları
A10: Hacı – MUSTAFA BALCIdan doğuşa verilen-2007 | B10: 50000 | C10: 1.31 | D10: =B10/C10 -> 38167.939 | E10: =E6+D10*-1 -> 138199.71
A11: Hacı – Doğuş kapanırken hacının ödediği-2017 | B11: ='01-01-DGS'!F64*-1 -> 272920.1 | C11: 3.55 | D11: =B11/C11 -> 76878.901 | E11: =E10+D11*-1 -> 61320.81
A12: DOĞUŞ KAPANIŞ BORÇ TOPLAMI | B12: =SUM(B10:B11) -> 322920.1 | D12: =SUM(D10:D11) -> 115046.84 | E12: =E11 -> 61320.81
E13: =E12 -> 61320.81
D14: Borç – alacak tahsilatı yapılabilseydi doğuş kapanışta kalan sermaye | E14: =E13 -> 61320.81
A16: doğuş hesabından hacıya düşen hisse | D16: =E14/2 -> 30660.405
A17: doğuş hesabından nazana düşen hisse | D17: =D16 -> 30660.405
A20: İnşaat HESABI
B21: Nazanın fazladan aldığı ,nşaat hissesi – Daire ½ | C21: 40000 | D21: 1.4 | E21: =C21/D21 -> 28571.429
B22: Hacının fazladan aldığı dükkan hissesi – Dükkan ½ | C22: 15000 | D22: 1.4 | E22: =C22/D22*-1 -> -10714.286
D23: İnşaat hesabından hacının alacağı | E23: =SUM(E21:E22) -> 17857.143
A27: nazanın toplam borcu | C27: hakandan | D27: =D4*-1 -> -99488.749 | E27: =D27 -> -99488.749
C28: doğuştan | D28: =D5*-1 -> -39877.056 | E28: =E27+D28 -> -139365.81
C29: inşaattan | D29: =E23*-1 -> -17857.143 | E29: =E28+D29 -> -157222.95
E30: =E29+D30 -> -157222.95
C31: nazanın doğuş kapanışta doğuşun varlığının yarısı | D31: =D16 -> 30660.405 | E31: =E30+D31 -> -126562.54
E32: =E31+D32 -> -126562.54
C33: nazanın toplam borcu = hakan + doğuş kapanış + inşaat hesabı | E33: =E32+D33 -> -126562.54
C34: hakanın doğuşa olan toplam borç içindeki payı | D34: =D4/E33 -> -0.78608368

Sheet 1203-YZD
E1: 45234
D3: 1203 m2 SANAYİ Arsa Değeri | E3: 450000
D4: Nazan | E4: Hacı
C6: 2007 hisse oranları | D6: 0.5 | E6: 0.5
C7: 2007 hisse değerleri | D7: =E3*0.5 -> 225000 | E7: =E3*0.5 -> 225000
C9: 2017 DOĞUŞ hesap kapama sonucu | D9: ='01-02-DGS'!E33 -> -126562.54 | E9: =D9*-1 -> 126562.54
D10: nazanın borcu arsa hissesinden düşüldü I V | E10: hacının alacağı arsa hissesine eklendi I V
C11: 2017 hesap sonrası hisse değerleri | D11: =SUM(D7:D9) -> 98437.457 | E11: =SUM(E7:E9) -> 351562.54
C12: 2017 hesap sonrası hisse oranları | D12: =D11/E3 -> 0.2187499 | E12: =E11/E3 -> 0.7812501
D13: '[02-23-sny.ods]02-13-BAKIYE'!$AC$28 | E13: 2019-22 kira gelirlerini hacı tahsil etti I V
C14: 2019-22 kira gelirleri | D14: 7485.3 | E14: =D14*-1 -> -7485.3
C15: 2019-22 kira gelirleri % si | D15: =D18-D12 -> 0.016634 | E15: =E18-E12 -> -0.016634
D16: hacının tahsil ettiği 2019-22 kira gelirleri nazanın hissesine eklendi I V | E16: 2019-22 kira gelirleri hacının hissesinden düşüldü I V
C17: 2022 kira gelirleri eklenmiş hisse değerleri | D17: =D11+D14 -> 105922.76 | E17: =E11+E14 -> 344077.24
C18: 2022 kira gelirleri eklenmiş hisse oranları | D18: =D17/E3 -> 0.2353839 | E18: =E17/E3 -> 0.7646161
B20: 2023 ve sonrası hesaplar için uygulanacak
B21: SON HİSSE ORANLARI | D21: =D18 -> 0.2353839 | E21: =E18 -> 0.7646161
B23: 2023 kira gelirleri SON HİSSE ORANLARINA GÖRE HESAPLANARAK
B24: OCAK 2024 tarihinden itibaren NAZANın hesabına havale edilmeye başlandı
B26: Arsa değeri yan arsanın satış rakamı baz alınatak belirlenmiştir.
B27: Niğdeli, 2007 de Altıngövde den 700.000 TL ye satın aldı.
B28: Dolar olarak değeri 450,000 USD.
