Workbook

Sheet PERI_25
B2: 2025 | C2: hesaba yazılmayan | D2: hacı ödeme | E2: peri ödeme | F2: BAKİYE
A5: 45657 | B5: 2023 den devir PERİ BORÇLU | F5: 257330
F6: =F5 -> 257330
A7: 45667 | B7: 4 ad çeyrek *5000 | D7: 20000 | F7: =F6+D7-E7 -> 277330
A8: 45672 | B8: bankadan havale | E8: 25000 | F8: =F7+D8-E8 -> 252330
A9: 45672 | B9: Taksit 6/12 - 36500 | E9: 31000 | F9: =F8+D9-E9 -> 221330
A10: 45703 | B10: Taksit 7/12 - 36500 | F10: =F9+D10-E10 -> 221330
A11: 45709 | B11: havale | E11: 26000 | F11: =F10+D11-E11 -> 195330
A12: 45731 | B12: Taksit 8/12 - 36500 | F12: =F11+D12-E12 -> 195330
A13: 45762 | B13: Taksit 9/12 - 36500 | F13: =F12+D13-E13 -> 195330
A14: 45792 | B14: Taksit 10/12 - 36500 | F14: =F13+D14-E14 -> 195330
A15: 45823 | B15: Taksit 11/12 - 36500 | F15: =F14+D15-E15 -> 195330
A16: 45853 | B16: Taksit 12/12 - 36500 | F16: =F15+D16-E16 -> 195330
F17: =F16+D17-E17 -> 195330
F18: KALAN BAKİYE
B37: YASEMİN ARAÇ HESABI
F39: =F38+D39-E39 -> 0
B40: YASEMİN KAPORA | D40: 50000 | F40: =F39+D40-E40 -> 50000
B41: YASEMİN UMUTTAN OKUL PARASINDAN | D41: 140000 | F41: =F40+D41-E41 -> 190000
B42: YASEMİN OKUL PARASINDAN | D42: 195000 | F42: =F41+D42-E42 -> 385000
B43: YASEMİN OKUL PARASI | E43: 310000 | F43: =F42+D43-E43 -> 75000
B44: DERSANE+ ÖDEME | F44: =F43+D44-E44 -> 75000
B45: MAAŞTAN ÖDENECEK (okul parasından artan) | D45: =#REF!-F43 -> #REF! | F45: =F43+D45-E45 -> #REF!
E46: TOPLAM YASEMİNİN ARAÇ ÖDEMESİ | F46: =F45 -> #REF!

Sheet GNLK-_2025
C1: TAHMİNİ | F1: GERÇEKLEŞEN | K1: NZN | L1: HC | N1: NY
A2: -2024 | B2: GİRİŞ | C2: ÇIKIŞ | D2: BAKİYE | E2: GİRİŞ | F2: ÇIKIŞ | G2: BAKİYE | J2: kR | K2: 0.235384 | L2: =1-K2 -> 0.764616 | M2: Hc 1/1 | N2: =#REF!/1000 -> #REF!
A3: Ocak | B3: ='01_25'!D2 -> 398664 | C3: ='01_25'!E2 -> -55562.4 | D3: =B3+C3 -> 343101.6 | E3: ='01_25'!F2 -> 320054.88 | F3: ='01_25'!G2 -> -59018.87 | G3: =E3+F3 -> 261036.01 | I3: dgs | J3: 180 | M3: =J3 -> 180 | N3: ='01_25'!E133/1000 -> 0.96499
A4: Şubat | B4: ='02_25'!D2 -> 45000 | C4: ='02_25'!E2 -> -75400.4 | D4: =B4+C4+D3 -> 312701.2 | E4: ='02_25'!F2 -> 30054.88 | F4: ='02_25'!G2 -> -96628.72 | G4: =E4+F4+G3 -> 194462.17 | I4: sF | J4: 235 | K4: =J4*$K$2 -> 55.31524 | L4: =J4-K4 -> 179.68476 | N4: ='02_25'!E130/1000 -> 16.2
A5: Mart | B5: ='03_25'!D2 -> 15000 | C5: ='03_25'!E2 -> -79968.85 | D5: =B5+C5+D4 -> 247732.35 | E5: ='03_25'!F2 -> 0 | F5: ='03_25'!G2 -> -36002.02 | G5: =E5+F5+G4 -> 158460.15 | I5: tzg | M5: =J5 -> 0 | N5: ='03_25'!E144/1000 -> 0
A6: Nisan | B6: ='04_25'!D2 -> 15000 | C6: ='04_25'!E2 -> -167276.39 | D6: =B6+C6+D5 -> 95455.96 | E6: ='04_25'!F2 -> 0 | F6: ='04_25'!G2 -> -120979.33 | G6: =E6+F6+G5 -> 37480.82 | I6: maaş ocak-haziran | M6: =E18/1000 -> 15 | N6: ='04_25'!E111/1000 -> 0
A7: Mayıs | B7: ='05_25'!D2 -> 15000 | C7: ='05_25'!E2 -> -45906.84 | D7: =B7+C7+D6 -> 64549.12 | E7: ='05_25'!F2 -> 0 | F7: ='05_25'!G2 -> -989.78 | G7: =E7+F7+G6 -> 36491.04 | I7: maaş temmuz-aralık | M7: =E19/1000 -> 0 | N7: ='05_25'!E101/1000 -> 0
A8: Hazrn | B8: ='06_25'!D2 -> 15000 | C8: ='06_25'!E2 -> -53406.84 | D8: =B8+C8+D7 -> 26142.28 | E8: ='06_25'!F2 -> 0 | F8: ='06_25'!G2 -> -989.78 | G8: =E8+F8+G7 -> 35501.26 | I8: lise | J8: 225 | M8: =J8/4 -> 56.25 | N8: ='06_25'!E118/1000 -> 0
A9: Temmz | B9: ='07_25'!D2 -> 15000 | C9: ='07_25'!E2 -> -53406.84 | D9: =B9+C9+D8 -> -12264.56 | E9: ='07_25'!F2 -> 0 | F9: ='07_25'!G2 -> -989.78 | G9: =E9+F9+G8 -> 34511.48 | I9: sE | J9: 204 | K9: =J9*$K$2 -> 48.018336 | L9: =J9-K9 -> 155.98166 | N9: ='07_25'!E133/1000 -> 0
A10: Ağusts | B10: ='08_25'!D2 -> 15000 | C10: ='08_25'!E2 -> -53406.84 | D10: =B10+C10+D9 -> -50671.4 | E10: ='08_25'!F2 -> 0 | F10: ='08_25'!G2 -> -989.78 | G10: =E10+F10+G9 -> 33521.7 | I10: ap | J10: 0 | M10: =J10*0.13 -> 0 | N10: ='08_25'!E125/1000 -> 0
A11: Eylül | B11: ='09_25'!D2 -> 15000 | C11: ='09_25'!E2 -> -52417.06 | D11: =B11+C11+D10 -> -88088.46 | E11: ='09_25'!F2 -> 0 | F11: ='09_25'!G2 -> 0 | G11: =E11+F11+G10 -> 33521.7 | I11: sG | J11: 0 | K11: =J11*$K$2 -> 0 | L11: =J11-K11 -> 0 | N11: ='09_25'!E101/1000 -> 0
A12: Ekim | B12: ='10_25'!D2 -> 15000 | C12: ='10_25'!E2 -> -52417.06 | D12: =B12+C12+D11 -> -125505.52 | E12: ='10_25'!F2 -> 0 | F12: ='10_25'!G2 -> 0 | G12: =E12+F12+G11 -> 33521.7 | I12: sA | J12: 0 | K12: =J12*$K$2 -> 0 | L12: =J12-K12 -> 0 | N12: ='10_25'!E136/1000 -> 0
A13: Kasım | B13: ='11_25'!D2 -> 15000 | C13: ='11_25'!E2 -> -52417.06 | D13: =B13+C13+D12 -> -162922.58 | E13: ='11_25'!F2 -> 0 | F13: ='11_25'!G2 -> 0 | G13: =E13+F13+G12 -> 33521.7 | I13: sCD | J13: 219 | K13: =J13*$K$2 -> 51.549096 | L13: =J13-K13 -> 167.4509 | N13: ='11_25'!E111/1000 -> 0
A14: Aralık | B14: ='12_25'!D2 -> 15000 | C14: ='12_25'!E2 -> -52417.06 | D14: =B14+C14+D13 -> -200339.64 | E14: ='12_25'!F2 -> 0 | F14: ='12_25'!G2 -> 0 | G14: =E14+F14+G13 -> 33521.7 | I14: sB | J14: 290 | K14: =J14*$K$2 -> 68.26136 | L14: =J14-K14 -> 221.73864 | N14: ='12_25'!E125/1000 -> 0
A15: TPLM | B15: =SUM(B3:B14) -> 593664 | C15: =SUM(C3:C14) -> -794003.64 | D15: =B15+C15 -> -200339.64 | E15: =SUM(E3:E14) -> 350109.76 | F15: =SUM(F3:F14) -> -316588.06 | G15: =E15+F15 -> 33521.7 | J15: =SUM(J3:J14) -> 1353 | K15: =SUM(K4:K14) -> 223.14403 | L15: =SUM(L4:L14) -> 724.85597 | M15: =M10+M8+M6+M5+M3+M7 -> 251.25
A16: 12 | B16: =B15/A16 -> 49472 | C16: =C15/A16 -> -66166.97 | E16: =E15/A16 -> 29175.813 | F16: =F15/A16 -> -26382.338 | G16: =G15/A16 -> 2793.475 | J16: =J15/12 -> 112.75 | K16: =K15/12 -> 18.595336 | L16: =L15/12 -> 60.404664 | M16: =M15/12 -> 20.9375 | N16: =AVERAGE(N2:N15) -> #REF!
K17: TPLM | L17: =L15+M15 -> 976.10597
D18: ocak-haziran maaş toplamı | E18: ='01_25'!F32+'02_25'!F14+'02_25'!F26+'03_25'!F22+'04_25'!F41+'05_25'!F22+'06_25'!F19+'06_25'!F31+'04_25'!F15 -> 15000 | K18: AYLK | M18: =L17/12 -> 81.342164
D19: temmuz-aralık maaş toplamı | E19: ='07_25'!F30+'08_25'!F25+'09_25'!F19+'10_25'!F29+'11_25'!F34+'12_25'!F22 -> 0
D20: Toplam ;Emekli maaşı | E20: =SUM(E18:E19) -> 15000
B21: 44896
B22: 6986.25 | C22: 0.375785 | D22: 0.4925919
B23: =B22*C22 -> 2625.328 | C23: ocak artış % | D23: =B22*D22 -> 3441.3702
B24: =SUM(B22:B23) -> 9611.578 | C24: ocak 23 maaş | D24: =D23+B22 -> 10427.62
C25: =(D27/D25)-1 -> #DIV/0!
C26: temmuz artış
C27: temmuz 23 maaş | D27: 13006.38

Sheet 12_25
F1: GİRİŞ | G1: ÇIKIŞ | H1: BAKİYE
A2: - EKİM 2025 | C2: TOPLAM | D2: =SUM(D4:D33) -> 15000 | E2: =SUM(E4:E33) -> -52417.06 | F2: =SUM(F4:F33) -> 0 | G2: =SUM(G4:G33) -> 0 | H2: =F2+G2 -> 0
H4: =H3+F4+G4 -> 0
H5: =H4+F5+G5 -> 0
H6: =H5+F6+G6 -> 0
B7: KK 4876 İşbank | E7: =E39 -> 0 | G7: =E7 -> 0 | H7: =H6+F7+G7 -> 0
B8: KK 5165 Denizbank | E8: =E54 -> 0 | G8: =E8 -> 0 | H8: =H7+F8+G8 -> 0
H9: =H8+F9+G9 -> 0
B10: Aidat Marmara Royal Site 9/12 | E10: -2117.06 | H10: =H9+F10+G10 -> 0
B11: Kira Adem Özen 7/12 Mrmr Ryl A Blok 82 | E11: -25000 | H11: =H10+F11+G11 -> 0
B12: Elektrik 9522138254 Sanayi | E12: 0 | H12: =H11+F12+G12 -> 0
H13: =H12+F13+G13 -> 0
H14: =H13+F14+G14 -> 0
B15: Doğalgaz 800004222954 Kümbet D10 | E15: -1000 | H15: =H14+F15+G15 -> 0
B16: Doğalgaz 800004222959 Kümbet D09 | E16: -200 | H16: =H15+F16+G16 -> 0
B17: Doğalgaz Marmara Royal Ablok D:82 | E17: -200 | H17: =H16+F17+G17 -> 0
B18: maaş | D18: 15000 | H18: =H17+F18+G18 -> 0
B19: yasemin | E19: -7500 | H19: =H18+F19+G19 -> 0
B20: umut | E20: -7500 | H20: =H19+F20+G20 -> 0
B21: Genel Masraf | E21: -7500 | H21: =H20+F21+G21 -> 0
H22: =H21+F22+G22 -> 0
H23: =H22+F23+G23 -> 0
H24: =H23+F24+G24 -> 0
B25: Elektrik 5847500300 Kümbet D09 | E25: -600 | H25: =H24+F25+G25 -> 0
B26: Elektrik 8222520300 Kümbet D10 | E26: -800 | H26: =H25+F26+G26 -> 0
H27: =H26+F27+G27 -> 0
H28: =H27+F28+G28 -> 0
B29: TUSDATA 2025 30/30 8845 - 8845 = 0 | H29: =H28+F29+G29 -> 0
H30: =H29+F30+G30 -> 0
H31: =H30+F31+G31 -> 0
B39: İşbank 4876 KK | E39: =SUM(E40:E51) -> 0
E40: HESAP KESİM
B54: Denizbank 5165 kk | E54: =SUM(E55:E73) -> 0
E68: HESAP KESİM

Sheet 11_25
F1: GİRİŞ | G1: ÇIKIŞ | H1: BAKİYE
A2: - EKİM 2025 | C2: TOPLAM | D2: =SUM(D4:D33) -> 15000 | E2: =SUM(E4:E33) -> -52417.06 | F2: =SUM(F4:F33) -> 0 | G2: =SUM(G4:G33) -> 0 | H2: =F2+G2 -> 0
H4: =H3+F4+G4 -> 0
H5: =H4+F5+G5 -> 0
H6: =H5+F6+G6 -> 0
B7: KK 4876 İşbank | E7: =E39 -> 0 | G7: =E7 -> 0 | H7: =H6+F7+G7 -> 0
B8: KK 5165 Denizbank | E8: =E54 -> 0 | G8: =E8 -> 0 | H8: =H7+F8+G8 -> 0
H9: =H8+F9+G9 -> 0
B10: Aidat Marmara Royal Site 9/12 | E10: -2117.06 | H10: =H9+F10+G10 -> 0
B11: Kira Adem Özen 6/12 Mrmr Ryl A Blok 82 | E11: -25000 | H11: =H10+F11+G11 -> 0
B12: Elektrik 9522138254 Sanayi | E12: 0 | H12: =H11+F12+G12 -> 0
H13: =H12+F13+G13 -> 0
H14: =H13+F14+G14 -> 0
B15: Doğalgaz 800004222954 Kümbet D10 | E15: -1000 | H15: =H14+F15+G15 -> 0
B16: Doğalgaz 800004222959 Kümbet D09 | E16: -200 | H16: =H15+F16+G16 -> 0
B17: Doğalgaz Marmara Royal Ablok D:82 | E17: -200 | H17: =H16+F17+G17 -> 0
B18: maaş | D18: 15000 | H18: =H17+F18+G18 -> 0
B19: yasemin | E19: -7500 | H19: =H18+F19+G19 -> 0
B20: umut | E20: -7500 | H20: =H19+F20+G20 -> 0
B21: Genel Masraf | E21: -7500 | H21: =H20+F21+G21 -> 0
H22: =H21+F22+G22 -> 0
H23: =H22+F23+G23 -> 0
H24: =H23+F24+G24 -> 0
B25: Elektrik 5847500300 Kümbet D09 | E25: -600 | H25: =H24+F25+G25 -> 0
B26: Elektrik 8222520300 Kümbet D10 | E26: -800 | H26: =H25+F26+G26 -> 0
H27: =H26+F27+G27 -> 0
H28: =H27+F28+G28 -> 0
B29: TUSDATA 2025 30/30 8845 - 8845 = 0 | H29: =H28+F29+G29 -> 0
H30: =H29+F30+G30 -> 0
H31: =H30+F31+G31 -> 0
B39: İşbank 4876 KK | E39: =SUM(E40:E51) -> 0
E40: HESAP KESİM
B54: Denizbank 5165 kk | E54: =SUM(E55:E73) -> 0
E68: HESAP KESİM

Sheet 10_25
F1: GİRİŞ | G1: ÇIKIŞ | H1: BAKİYE
A2: - EKİM 2025 | C2: TOPLAM | D2: =SUM(D4:D33) -> 15000 | E2: =SUM(E4:E33) -> -52417.06 | F2: =SUM(F4:F33) -> 0 | G2: =SUM(G4:G33) -> 0 | H2: =F2+G2 -> 0
H4: =H3+F4+G4 -> 0
H5: =H4+F5+G5 -> 0
H6: =H5+F6+G6 -> 0
B7: KK 4876 İşbank | E7: =E39 -> 0 | G7: =E7 -> 0 | H7: =H6+F7+G7 -> 0
B8: KK 5165 Denizbank | E8: =E54 -> 0 | G8: =E8 -> 0 | H8: =H7+F8+G8 -> 0
H9: =H8+F9+G9 -> 0
B10: Aidat Marmara Royal Site 9/12 | E10: -2117.06 | H10: =H9+F10+G10 -> 0
B11: Kira Adem Özen 5/12 Mrmr Ryl A Blok 82 | E11: -25000 | H11: =H10+F11+G11 -> 0
B12: Elektrik 9522138254 Sanayi | E12: 0 | H12: =H11+F12+G12 -> 0
H13: =H12+F13+G13 -> 0
H14: =H13+F14+G14 -> 0
B15: Doğalgaz 800004222954 Kümbet D10 | E15: -1000 | H15: =H14+F15+G15 -> 0
B16: Doğalgaz 800004222959 Kümbet D09 | E16: -200 | H16: =H15+F16+G16 -> 0
B17: Doğalgaz Marmara Royal Ablok D:82 | E17: -200 | H17: =H16+F17+G17 -> 0
B18: maaş | D18: 15000 | H18: =H17+F18+G18 -> 0
B19: yasemin | E19: -7500 | H19: =H18+F19+G19 -> 0
B20: umut | E20: -7500 | H20: =H19+F20+G20 -> 0
B21: Genel Masraf | E21: -7500 | H21: =H20+F21+G21 -> 0
H22: =H21+F22+G22 -> 0
H23: =H22+F23+G23 -> 0
H24: =H23+F24+G24 -> 0
B25: Elektrik 5847500300 Kümbet D09 | E25: -600 | H25: =H24+F25+G25 -> 0
B26: Elektrik 8222520300 Kümbet D10 | E26: -800 | H26: =H25+F26+G26 -> 0
H27: =H26+F27+G27 -> 0
H28: =H27+F28+G28 -> 0
B29: TUSDATA 2025 30/30 8845 - 8845 = 0 | H29: =H28+F29+G29 -> 0
H30: =H29+F30+G30 -> 0
H31: =H30+F31+G31 -> 0
B39: İşbank 4876 KK | E39: =SUM(E40:E51) -> 0
E40: HESAP KESİM
B54: Denizbank 5165 kk | E54: =SUM(E55:E73) -> 0
E68: HESAP KESİM

Sheet 09_25
F1: GİRİŞ | G1: ÇIKIŞ | H1: BAKİYE
A2: - EYLÜL 2025 | C2: TOPLAM | D2: =SUM(D4:D34) -> 15000 | E2: =SUM(E4:E34) -> -52417.06 | F2: =SUM(F4:F34) -> 0 | G2: =SUM(G4:G33) -> 0 | H2: =F2+G2 -> 0
H4: =H3+F4+G4 -> 0
H5: =H4+F5+G5 -> 0
H6: =H5+F6+G6 -> 0
B7: KK 4876 İşbank | E7: =E39 -> 0 | G7: =E7 -> 0 | H7: =H6+F7+G7 -> 0
B8: KK 5165 Denizbank | E8: =E54 -> 0 | G8: =E8 -> 0 | H8: =H7+F8+G8 -> 0
H9: =H8+F9+G9 -> 0
B10: Aidat Marmara Royal Site 9/12 | E10: -2117.06 | H10: =H9+F10+G10 -> 0
B11: Kira Adem Özen 4/12 Mrmr Ryl A Blok 82 | E11: -25000 | H11: =H10+F11+G11 -> 0
B12: Elektrik 9522138254 Sanayi | E12: 0 | H12: =H11+F12+G12 -> 0
H13: =H12+F13+G13 -> 0
H14: =H13+F14+G14 -> 0
B15: Doğalgaz 800004222954 Kümbet D10 | E15: -1000 | H15: =H14+F15+G15 -> 0
B16: Doğalgaz 800004222959 Kümbet D09 | E16: -200 | H16: =H15+F16+G16 -> 0
B17: Doğalgaz Marmara Royal Ablok D:82 | E17: -200 | H17: =H16+F17+G17 -> 0
B18: maaş | D18: 15000 | H18: =H17+F18+G18 -> 0
B19: yasemin | E19: -7500 | H19: =H18+F19+G19 -> 0
B20: umut | E20: -7500 | H20: =H19+F20+G20 -> 0
B21: Genel Masraf | E21: -7500 | H21: =H20+F21+G21 -> 0
H22: =H21+F22+G22 -> 0
H23: =H22+F23+G23 -> 0
H24: =H23+F24+G24 -> 0
B25: Elektrik 5847500300 Kümbet D09 | E25: -600 | H25: =H24+F25+G25 -> 0
B26: Elektrik 8222520300 Kümbet D10 | E26: -800 | H26: =H25+F26+G26 -> 0
H27: =H26+F27+G27 -> 0
H28: =H27+F28+G28 -> 0
B29: TUSDATA 2025 29/30 17690 - 8845 = 8845 | H29: =H28+F29+G29 -> 0
H30: =H29+F30+G30 -> 0
H31: =H30+F31+G31 -> 0
B39: İşbank 4876 KK | E39: =SUM(E40:E51) -> 0
E40: HESAP KESİM
B54: Denizbank 5165 kk | E54: =SUM(E55:E73) -> 0
E68: HESAP KESİM

Sheet 08_25
F1: GİRİŞ | G1: ÇIKIŞ | H1: BAKİYE
A2: - AĞUSTOS 2025 | C2: TOPLAM | D2: =SUM(D4:D32) -> 15000 | E2: =SUM(E4:E32) -> -53406.84 | F2: =SUM(F4:F32) -> 0 | G2: =SUM(G4:G32) -> -989.78 | H2: =F2+G2 -> -989.78
H4: =H3+F4+G4 -> 0
H5: =H4+F5+G5 -> 0
H6: =H5+F6+G6 -> 0
B7: KK 4876 İşbank | E7: =E35 -> 0 | G7: =E7 -> 0 | H7: =H6+F7+G7 -> 0
B8: KK 5165 Denizbank | E8: =E50 -> -989.78 | G8: =E8 -> -989.78 | H8: =H7+F8+G8 -> -989.78
H9: =H8+F9+G9 -> -989.78
B10: Aidat Marmara Royal Site 9/12 | E10: -2117.06 | H10: =H9+F10+G10 -> -989.78
B11: Kira Adem Özen 3/12 Mrmr Ryl A Blok 82 | E11: -25000 | H11: =H10+F11+G11 -> -989.78
B12: Elektrik 9522138254 Sanayi | E12: 0 | H12: =H11+F12+G12 -> -989.78
H13: =H12+F13+G13 -> -989.78
H14: =H13+F14+G14 -> -989.78
B15: Doğalgaz 800004222954 Kümbet D10 | E15: -1000 | H15: =H14+F15+G15 -> -989.78
B16: Doğalgaz 800004222959 Kümbet D09 | E16: -200 | H16: =H15+F16+G16 -> -989.78
B17: Doğalgaz Marmara Royal Ablok D:82 | E17: -200 | H17: =H16+F17+G17 -> -989.78
B18: maaş | D18: 15000 | H18: =H17+F18+G18 -> -989.78
B19: yasemin | E19: -7500 | H19: =H18+F19+G19 -> -989.78
B20: umut | E20: -7500 | H20: =H19+F20+G20 -> -989.78
B21: Genel Masraf | E21: -7500 | H21: =H20+F21+G21 -> -989.78
H22: =H21+F22+G22 -> -989.78
H23: =H22+F23+G23 -> -989.78
H24: =H23+F24+G24 -> -989.78
B25: Elektrik 5847500300 Kümbet D09 | E25: -600 | H25: =H24+F25+G25 -> -989.78
B26: Elektrik 8222520300 Kümbet D10 | E26: -800 | H26: =H25+F26+G26 -> -989.78
H27: =H26+F27+G27 -> -989.78
H28: =H27+F28+G28 -> -989.78
B29: TUSDATA 2025 28/30 26535 - 8845 = 17690 | H29: =H28+F29+G29 -> -989.78
H30: =H29+F30+G30 -> -989.78
H31: =H30+F31+G31 -> -989.78
B35: İşbank 4876 KK | E35: =SUM(E36:E47) -> 0
E36: HESAP KESİM
B50: Denizbank 5165 kk | E50: =SUM(E51:E69) -> -989.78
A52: 45715 | B52: turknet 12 aylık internet | C52: 5938.68 | D52: 6 - 6 | E52: -989.78
E64: HESAP KESİM

Sheet 07_25
F1: GİRİŞ | G1: ÇIKIŞ | H1: BAKİYE
A2: - TEMMUZ 2025 | C2: TOPLAM | D2: =SUM(D4:D31) -> 15000 | E2: =SUM(E4:E31) -> -53406.84 | F2: =SUM(F4:F31) -> 0 | G2: =SUM(G4:G31) -> -989.78 | H2: =F2+G2 -> -989.78
H4: =H3+F4+G4 -> 0
H5: =H4+F5+G5 -> 0
H6: =H5+F6+G6 -> 0
B7: KK 4876 İşbank | E7: =E35 -> 0 | G7: =E7 -> 0 | H7: =H6+F7+G7 -> 0
B8: KK 5165 Denizbank | E8: =E50 -> -989.78 | G8: =E8 -> -989.78 | H8: =H7+F8+G8 -> -989.78
H9: =H8+F9+G9 -> -989.78
B10: Aidat Marmara Royal Site 9/12 | E10: -2117.06 | H10: =H9+F10+G10 -> -989.78
B11: Kira Adem Özen 2/12 Mrmr Ryl A Blok 82 | E11: -25000 | H11: =H10+F11+G11 -> -989.78
B12: Elektrik 9522138254 Sanayi | E12: 0 | H12: =H11+F12+G12 -> -989.78
H13: =H12+F13+G13 -> -989.78
H14: =H13+F14+G14 -> -989.78
B15: Doğalgaz 800004222954 Kümbet D10 | E15: -1000 | H15: =H14+F15+G15 -> -989.78
B16: Doğalgaz 800004222959 Kümbet D09 | E16: -200 | H16: =H15+F16+G16 -> -989.78
B17: Doğalgaz Marmara Royal Ablok D:82 | E17: -200 | H17: =H16+F17+G17 -> -989.78
B18: maaş | D18: 15000 | H18: =H17+F18+G18 -> -989.78
B19: yasemin | E19: -7500 | H19: =H18+F19+G19 -> -989.78
B20: umut | E20: -7500 | H20: =H19+F20+G20 -> -989.78
B21: Genel Masraf | E21: -7500 | H21: =H20+F21+G21 -> -989.78
H22: =H21+F22+G22 -> -989.78
H23: =H22+F23+G23 -> -989.78
H24: =H23+F24+G24 -> -989.78
B25: Elektrik 5847500300 Kümbet D09 | E25: -600 | H25: =H24+F25+G25 -> -989.78
B26: Elektrik 8222520300 Kümbet D10 | E26: -800 | H26: =H25+F26+G26 -> -989.78
H27: =H26+F27+G27 -> -989.78
H28: =H27+F28+G28 -> -989.78
B29: TUSDATA 2025 27/30 35380 - 8845 = 26535 | H29: =H28+F29+G29 -> -989.78
H30: =H29+F30+G30 -> -989.78
H31: =H30+F31+G31 -> -989.78
B35: İşbank 4876 KK | E35: =SUM(E36:E47) -> 0
E36: HESAP KESİM
B50: Denizbank 5165 kk | E50: =SUM(E51:E69) -> -989.78
A52: 45715 | B52: turknet 12 aylık internet | C52: 5938.68 | D52: 5 - 6 | E52: -989.78
E64: HESAP KESİM

Sheet 06_25
F1: GİRİŞ | G1: ÇIKIŞ | H1: BAKİYE
A2: - HAZİRAN 2025 | C2: TOPLAM | D2: =SUM(D4:D31) -> 15000 | E2: =SUM(E4:E31) -> -53406.84 | F2: =SUM(F4:F31) -> 0 | G2: =SUM(G4:G31) -> -989.78 | H2: =F2+G2 -> -989.78
H4: =H3+F4+G4 -> 0
H5: =H4+F5+G5 -> 0
H6: =H5+F6+G6 -> 0
B7: KK 4876 İşbank | E7: =E35 -> 0 | G7: =E7 -> 0 | H7: =H6+F7+G7 -> 0
B8: KK 5165 Denizbank | E8: =E50 -> -989.78 | G8: =E8 -> -989.78 | H8: =H7+F8+G8 -> -989.78
H9: =H8+F9+G9 -> -989.78
B10: Aidat Marmara Royal Site 9/12 | E10: -2117.06 | H10: =H9+F10+G10 -> -989.78
B11: Kira Adem Özen 1/12 Mrmr Ryl A Blok 82 | E11: -25000 | H11: =H10+F11+G11 -> -989.78
B12: Elektrik 9522138254 Sanayi | E12: 0 | H12: =H11+F12+G12 -> -989.78
H13: =H12+F13+G13 -> -989.78
H14: =H13+F14+G14 -> -989.78
B15: Doğalgaz 800004222954 Kümbet D10 | E15: -1000 | H15: =H14+F15+G15 -> -989.78
B16: Doğalgaz 800004222959 Kümbet D09 | E16: -200 | H16: =H15+F16+G16 -> -989.78
B17: Doğalgaz Marmara Royal Ablok D:82 | E17: -200 | H17: =H16+F17+G17 -> -989.78
B18: maaş | D18: 15000 | H18: =H17+F18+G18 -> -989.78
B19: yasemin | E19: -7500 | H19: =H18+F19+G19 -> -989.78
B20: umut | E20: -7500 | H20: =H19+F20+G20 -> -989.78
B21: Genel Masraf | E21: -7500 | H21: =H20+F21+G21 -> -989.78
H22: =H21+F22+G22 -> -989.78
H23: =H22+F23+G23 -> -989.78
H24: =H23+F24+G24 -> -989.78
B25: Elektrik 5847500300 Kümbet D09 | E25: -600 | H25: =H24+F25+G25 -> -989.78
B26: Elektrik 8222520300 Kümbet D10 | E26: -800 | H26: =H25+F26+G26 -> -989.78
H27: =H26+F27+G27 -> -989.78
H28: =H27+F28+G28 -> -989.78
B29: TUSDATA 2025 26/30 44225 - 8845 = 35380 | H29: =H28+F29+G29 -> -989.78
H30: =H29+F30+G30 -> -989.78
H31: =H30+F31+G31 -> -989.78
B35: İşbank 4876 KK | E35: =SUM(E36:E47) -> 0
E36: HESAP KESİM
B50: Denizbank 5165 kk | E50: =SUM(E51:E69) -> -989.78
A52: 45715 | B52: turknet 12 aylık internet | C52: 5938.68 | D52: 4 - 6 | E52: -989.78
E64: HESAP KESİM

Sheet 05_25
F1: GİRİŞ | G1: ÇIKIŞ | H1: BAKİYE
A2: - MAYIS 2025 | C2: TOPLAM | D2: =SUM(D4:D31) -> 15000 | E2: =SUM(E4:E31) -> -45906.84 | F2: =SUM(F4:F31) -> 0 | G2: =SUM(G4:G31) -> -989.78 | H2: =F2+G2 -> -989.78
H4: =H3+F4+G4 -> 0
H5: =H4+F5+G5 -> 0
H6: =H5+F6+G6 -> 0
B7: KK 4876 İşbank | E7: =E37 -> 0 | G7: =E7 -> 0 | H7: =H6+F7+G7 -> 0
B8: KK 5165 Denizbank | E8: =E52 -> -989.78 | G8: =E8 -> -989.78 | H8: =H7+F8+G8 -> -989.78
H9: =H8+F9+G9 -> -989.78
B10: Aidat Marmara Royal Site 9/12 | E10: -2117.06 | H10: =H9+F10+G10 -> -989.78
B11: Kira Adem Özen 12/12 Mrmr Ryl A Blok 82 | E11: -17500 | H11: =H10+F11+G11 -> -989.78
B12: Elektrik 9522138254 Sanayi | E12: 0 | H12: =H11+F12+G12 -> -989.78
H13: =H12+F13+G13 -> -989.78
H14: =H13+F14+G14 -> -989.78
B15: Doğalgaz 800004222954 Kümbet D10 | E15: -1000 | H15: =H14+F15+G15 -> -989.78
B16: Doğalgaz 800004222959 Kümbet D09 | E16: -200 | H16: =H15+F16+G16 -> -989.78
B17: Doğalgaz Marmara Royal Ablok D:82 | E17: -200 | H17: =H16+F17+G17 -> -989.78
B18: maaş | D18: 15000 | H18: =H17+F18+G18 -> -989.78
B19: yasemin | E19: -7500 | H19: =H18+F19+G19 -> -989.78
B20: umut | E20: -7500 | H20: =H19+F20+G20 -> -989.78
B21: Genel Masraf | E21: -7500 | H21: =H20+F21+G21 -> -989.78
H22: =H21+F22+G22 -> -989.78
H23: =H22+F23+G23 -> -989.78
H24: =H23+F24+G24 -> -989.78
B25: Elektrik 5847500300 Kümbet D09 | E25: -600 | H25: =H24+F25+G25 -> -989.78
B26: Elektrik 8222520300 Kümbet D10 | E26: -800 | H26: =H25+F26+G26 -> -989.78
H27: =H26+F27+G27 -> -989.78
H28: =H27+F28+G28 -> -989.78
B29: TUSDATA 2025 25/30 53070 - 8845 = 44225 | H29: =H28+F29+G29 -> -989.78
H30: =H29+F30+G30 -> -989.78
H31: =H30+F31+G31 -> -989.78
B37: İşbank 4876 KK | E37: =SUM(E38:E49) -> 0
E38: HESAP KESİM
B52: Denizbank 5165 kk | E52: =SUM(E53:E71) -> -989.78
A55: 45715 | B55: turknet 12 aylık internet | C55: 5938.68 | D55: 3 - 6 | E55: -989.78
E66: HESAP KESİM

Sheet 04_25
F1: GİRİŞ | G1: ÇIKIŞ | H1: BAKİYE
A2: - NİSAN 2025 | C2: TOPLAM | D2: =SUM(D4:D32) -> 15000 | E2: =SUM(E4:E32) -> -167276.39 | F2: =SUM(F4:F32) -> 0 | G2: =SUM(G4:G32) -> -120979.33 | H2: =F2+G2 -> -120979.33
H4: =H3+F4+G4 -> 0
H5: =H4+F5+G5 -> 0
H6: =H5+F6+G6 -> 0
B7: KK 4876 İşbank | E7: =E35 -> -119989.55 | G7: =E7 -> -119989.55 | H7: =H6+F7+G7 -> -119989.55
B8: KK 5165 Denizbank | E8: =E50 -> -989.78 | G8: =E8 -> -989.78 | H8: =H7+F8+G8 -> -120979.33
H9: =H8+F9+G9 -> -120979.33
B10: Aidat Marmara Royal Site 9/12 | E10: -2117.06 | H10: =H9+F10+G10 -> -120979.33
B11: Kira Adem Özen 11/12 Mrmr Ryl A Blok 82 | E11: -17500 | H11: =H10+F11+G11 -> -120979.33
B12: Elektrik 9522138254 Sanayi | E12: 0 | H12: =H11+F12+G12 -> -120979.33
H13: =H12+F13+G13 -> -120979.33
H14: =H13+F14+G14 -> -120979.33
B15: Doğalgaz 800004222954 Kümbet D10 | E15: -1000 | H15: =H14+F15+G15 -> -120979.33
B16: Doğalgaz 800004222959 Kümbet D09 | E16: -200 | H16: =H15+F16+G16 -> -120979.33
B17: Doğalgaz Marmara Royal Ablok D:82 | E17: -200 | H17: =H16+F17+G17 -> -120979.33
B18: maaş | D18: 15000 | H18: =H17+F18+G18 -> -120979.33
B19: yasemin | E19: -7500 | H19: =H18+F19+G19 -> -120979.33
B20: umut | E20: -7500 | H20: =H19+F20+G20 -> -120979.33
B21: Genel Masraf | E21: -7500 | H21: =H20+F21+G21 -> -120979.33
H22: =H21+F22+G22 -> -120979.33
H23: =H22+F23+G23 -> -120979.33
A24: 45776 | B24: SANAYI BELEDIYE SAYC UCRETI | C24: 2024 / 9 son | E24: -1380 | H24: =H23+F24+G24 -> -120979.33
B25: Elektrik 5847500300 Kümbet D09 | E25: -600 | H25: =H24+F25+G25 -> -120979.33
B26: Elektrik 8222520300 Kümbet D10 | E26: -800 | H26: =H25+F26+G26 -> -120979.33
H27: =H26+F27+G27 -> -120979.33
H28: =H27+F28+G28 -> -120979.33
B29: TUSDATA 2025 24/30 61915 - 8845 = 53070 | H29: =H28+F29+G29 -> -120979.33
H30: =H29+F30+G30 -> -120979.33
H31: =H30+F31+G31 -> -120979.33
B35: İşbank 4876 KK | E35: =SUM(E36:E47) -> -119989.55
E36: HESAP KESİM
B38: DAU yasemin okul | E38: -1023.05
B39: DAU yasemin okul | E39: -118966.5
B50: Denizbank 5165 kk | E50: =SUM(E51:E69) -> -989.78
A53: 45715 | B53: turknet 12 aylık internet | C53: 5938.68 | D53: 2 - 6 | E53: -989.78
E64: HESAP KESİM

Sheet 03_25
F1: GİRİŞ | G1: ÇIKIŞ | H1: BAKİYE
A2: - MART 2025 | C2: TOPLAM | D2: =SUM(D4:D36) -> 15000 | E2: =SUM(E4:E36) -> -79968.85 | F2: =SUM(F4:F36) -> 0 | G2: =SUM(G4:G36) -> -36002.02 | H2: =F2+G2 -> -36002.02
H4: =H3+F4+G4 -> 0
H5: =H4+F5+G5 -> 0
A6: 45718 | B6: vodafone 2240 | G6: -213.25 | H6: =H5+F6+G6 -> -213.25
B7: Elektrik 9522138254 Sanayi | E7: 0 | H7: =H6+F7+G7 -> -213.25
A8: 45721 | B8: Aidat Marmara Royal Site 9/12 | E8: -2117.06 | G8: -2116.98 | H8: =H7+F8+G8 -> -2330.23
A9: 45722 | B9: KK 5165 Denizbank | E9: =E64 -> -14628.18 | G9: =E9 -> -14628.18 | H9: =H8+F9+G9 -> -16958.41
A10: 45723 | B10: KK 4876 İşbank | E10: =E40 -> -19043.61 | G10: =E10 -> -19043.61 | H10: =H9+F10+G10 -> -36002.02
H11: =H10+F11+G11 -> -36002.02
H12: =H11+F12+G12 -> -36002.02
H13: =H12+F13+G13 -> -36002.02
A14: 45723 | B14: Kira Adem Özen 10/12 Mrmr Ryl A Blok 82 | E14: -17500 | H14: =H13+F14+G14 -> -36002.02
H15: =H14+F15+G15 -> -36002.02
H16: =H15+F16+G16 -> -36002.02
H17: =H16+F17+G17 -> -36002.02
B18: Doğalgaz 800004222954 Kümbet D10 | E18: -1000 | H18: =H17+F18+G18 -> -36002.02
B19: Doğalgaz 800004222959 Kümbet D09 | E19: -200 | H19: =H18+F19+G19 -> -36002.02
B20: Doğalgaz Marmara Royal Ablok D:82 | E20: -200 | H20: =H19+F20+G20 -> -36002.02
B21: maaş | D21: 15000 | H21: =H20+F21+G21 -> -36002.02
B22: yasemin | E22: -7500 | H22: =H21+F22+G22 -> -36002.02
B23: umut | E23: -7500 | H23: =H22+F23+G23 -> -36002.02
B24: Genel Masraf | E24: -7500 | H24: =H23+F24+G24 -> -36002.02
H25: =H24+F25+G25 -> -36002.02
H26: =H25+F26+G26 -> -36002.02
A27: 45716 | B27: SANAYI BELEDIYE SAYC UCRETI | C27: 2024 / 8/9 | E27: -1380 | H27: =H26+F27+G27 -> -36002.02
B28: Elektrik 5847500300 Kümbet D09 | E28: -600 | H28: =H27+F28+G28 -> -36002.02
B29: Elektrik 8222520300 Kümbet D10 | E29: -800 | H29: =H28+F29+G29 -> -36002.02
H30: =H29+F30+G30 -> -36002.02
H31: =H30+F31+G31 -> -36002.02
B32: TUSDATA 2025 23/30 70760 - 8845 = 61915 | H32: =H31+F32+G32 -> -36002.02
H33: =H32+F33+G33 -> -36002.02
H34: =H33+F34+G34 -> -36002.02
B40: İşbank 4876 KK | E40: =SUM(E41:E58) -> -19043.61
A42: 45715 | B42: turknet 12 aylık internet | C42: 5938.7 | D42: 1 - 6 | E42: -989.78 | F42: 0
A43: 45715 | B43: BELEDİYE sanayi sayaç 5-6 taksitler | E43: -2820 | F43: 0
A44: 45715 | B44: belediye hmb 2024 emlak-su | E44: -3196.34 | F44: 0
A45: 45715 | B45: belediye ayşe balcı | E45: -467.95 | F45: 0
A46: 45715 | B46: BELEDİYE PERİ BORÇ YOK
A48: 45691 | B48: elmacıoğlu iskender | E48: -1580 | F48: 0
A49: 45691 | B49: kayseri havalanı otopark | E49: -1338 | F49: 0
A50: 45691 | B50: havalanı fazla kilo | E50: -1200 | F50: 0
A51: 45691 | B51: march benzin umut mezuniyet | E51: -1300.54 | F51: 0
A52: 45689 | B52: eziç yenek | E52: -3720 | F52: 0
A53: 45699 | B53: aof 4. dönem ücreti | E53: -2235 | F53: 0
A54: 45703 | B54: A101 | E54: -196 | F54: 0
E55: HESAP KESİM
B64: Denizbank 5165 kk | E64: =SUM(E65:E98) -> -14628.18
A67: 45692 | B67: coşkun giyim mont-pant | D67: 1 - 3 | E67: -600.13
A68: 45692 | B68: coşkun giyim mont-pant | D68: 1 - 3 | E68: -2500.3
A72: 45681 | B72: uöut klavye mouse n11 | E72: -1798
B73: bonus | E73: 1.8
A74: 45681 | B74: peri çiçek | E74: -700
A75: 45681 | B75: mrcmk çorba | E75: -120
A76: 45682 | B76: tvk dnr | E76: -70
A77: 45682 | B77: lcw kot | E77: -699.99
A78: 45684 | B78: tvk dnr | E78: -70
A79: 45686 | B79: umut passtrm | E79: -3600
A80: 45691 | B80: ödeme | C80: 18950.04
A81: 45691 | B81: ödeme | C81: 10153.3
A82: 45694 | B82: tvk dnr | E82: -70
A83: 45695 | B83: ksp | E83: -200
A84: 45696 | B84: kanat | E84: -550
A85: 45697 | B85: tv-kağıt-hvl | E85: -329.97
A86: 45699 | B86: EMRAR ARAR | E86: -200
A87: 45700 | B87: tvk dnr | E87: -70
A88: 45701 | B88: dnr | E88: -230
A89: 45702 | B89: pide et | E89: -250
A90: 45703 | B90: pide | E90: -210
A91: 45704 | B91: mrkt | E91: -467.38
A92: 45705 | B92: bahçe benzin | E92: -350
A93: 45704 | E93: -33
A94: 45705 | B94: kasap | E94: -380
A95: 45706 | B95: tvk dnr | E95: -400
A96: 45706 | B96: mrkt | E96: -215.21
A97: 45709 | B97: tantuni | E97: -120
A98: 45710 | B98: mrkt | E98: -396
E99: HESAP KESİM
A114: NİSAN 2025 e | B114: Devir | C114: 2025 | G114: =SUM(G118:G146) -> 1097621.1
E116: alış Tutar
B117: yasemin | G117: 0
B118: umut | G118: 0
A119: 45721 | B119: pervin 329500-35800 | G119: 195330
A120: 45721 | B120: İş 1626748 | G120: 18000
A121: 45721 | F121: thyo | G121: 38850
A122: 45721 | B122: denizbank | G122: 15000
A124: 45667 | B124: İş ytrm 1626748 801 | C124: 50 | D124: 872.26366 | E124: =D124*C124 -> 43613.183 | F124: 929.84559 | G124: =F124*C124 -> 46492.28 | I124: =G124-E124 -> 2879.0963
A125: 45672 | B125: İş ytrm 1626748 801 | C125: 55 | D125: 877.65409 | E125: =D125*C125 -> 48270.975 | F125: =F124 -> 929.84559 | G125: =F125*C125 -> 51141.508 | I125: =G125-E125 -> 2870.5324
A126: 45680 | B126: İş ytrm 1626748 THYAO | D126: 305 | E126: =D126*C126 -> 0 | F126: 323.75 | G126: =F126*C126 -> 0 | I126: =G126-E126 -> 0
A127: 45721 | B127: İş ytrm 1626748 THYAO | I127: -81.59
A128: 45620 | B128: iş ytrm ALTIN.S1 32,48 | C128: 4000 | D128: 32.55 | E128: =D128*C128 -> 130200 | F128: 36.37 | G128: =F128*C128 -> 145480 | I128: =G128-E128 -> 15280
A129: 45659 | B129: iş ytrm ALTIN.S1 30,86 | C129: 4000 | D129: 30.86 | E129: =D129*C129 -> 123440 | F129: =F128 -> 36.37 | G129: =F129*C129 -> 145480 | H129: =SUM(G124:G129) -> 388593.79 | I129: =G129-E129 -> 22040
E130: =SUM(E124:E129) -> 345524.16 | H130: =(SUM(G124:G129))-(SUM(E124:E129)) -> 43069.629 | I130: =SUM(I124:I129) -> 42988.039
A132: 45345 | B132: iş ytrm 382789 TTE | C132: 125000 | D132: 1.039943 | E132: =D132*C132 -> 129992.88 | F132: 0.768361 | G132: =F132*C132 -> 96045.125 | I132: =G132-E132 -> -33947.75
A133: 45667 | B133: iş ytrm 382789 801 nzn | C133: 240 | D133: 872.26366 | E133: =D133*C133 -> 209343.28 | F133: =F125 -> 929.84559 | G133: =F133*C133 -> 223162.94 | I133: =G133-E133 -> 13819.662
A134: 45400 | B134: iş ytrm 382789 RGYAS | C134: 10 | D134: 135 | E134: =D134*C134 -> 1350 | F134: 112.6 | G134: =F134*C134 -> 1126 | I134: =G134-E134 -> -224
A135: 45418 | B135: iş ytrm 382789 KOTON | C135: 38 | D135: 30.5 | E135: =D135*C135 -> 1159 | F135: 16.9 | G135: =F135*C135 -> 642.2 | I135: =G135-E135 -> -516.8
A136: 45418 | B136: iş ytrm 382789 LILAK | C136: 26 | D136: 37.115 | E136: =D136*C136 -> 964.99 | F136: 23.5 | G136: =F136*C136 -> 611 | H136: =SUM(G132:G136) -> 321587.27 | I136: =G136-E136 -> -353.99
E137: =SUM(E132:E136) -> 342810.14 | H137: =(SUM(G132:G136))-(SUM(E132:E136)) -> -21222.878
A139: 45509 | B139: gau iş alış | C139: 1 | D139: 2500 | E139: =D139*C139 -> 2500 | F139: 3350 | G139: =C139*F139 -> 3350 | I139: =G139-E139 -> 850
...

Sheet 02_25
F1: GİRİŞ | G1: ÇIKIŞ | H1: BAKİYE
A2: - ŞUBAT 2025 | C2: TOPLAM | D2: =SUM(D4:D31) -> 45000 | E2: =SUM(E4:E32) -> -75400.4 | F2: =SUM(F4:F32) -> 30054.88 | G2: =SUM(G4:G32) -> -96628.72 | H2: =F2+G2 -> -66573.84
H4: =H3+F4+G4 -> 0
H5: =H4+F5+G5 -> 0
H6: =H5+F6+G6 -> 0
A7: 45692 | B7: KK 4876 İşbank | E7: =E37 -> 0 | G7: =E7 -> 0 | H7: =H6+F7+G7 -> 0
A8: 45691 | B8: KK 5165 Denizbank | E8: =E52 -> -29103.34 | G8: =E8 -> -29103.34 | H8: =H7+F8+G8 -> -29103.34
A9: 45873 | B9: emrullah özere - ali demirel avukatlık ücreti | G9: -18000 | H9: =H8+F9+G9 -> -47103.34
A10: 45692 | B10: Aidat Marmara Royal Site 9/12 | E10: -2117.06 | G10: -2116.98 | H10: =H9+F10+G10 -> -49220.32
A11: 45699 | B11: Kira Adem Özen 9/12 Mrmr Ryl A Blok 82 | E11: -17500 | G11: -17500 | H11: =H10+F11+G11 -> -66720.32
A12: 45699 | B12: Doğalgaz Marmara Royal Ablok D:82 | E12: -200 | G12: -391.01 | H12: =H11+F12+G12 -> -67111.33
B13: Elektrik 9522138254 Sanayi | E13: 0 | H13: =H12+F13+G13 -> -67111.33
A14: 45705 | B14: Doğuş Kira 6/12-2025-26 | D14: 15000 | F14: 15000 | H14: =H13+F14+G14 -> -52111.33
A15: 45705 | B15: Doğalgaz 800004222954 Kümbet D10 | E15: -1000 | G15: -2305 | H15: =H14+F15+G15 -> -54416.33
A16: 45705 | B16: Doğalgaz 800004222959 Kümbet D09 | E16: -200 | G16: -40 | H16: =H15+F16+G16 -> -54456.33
A17: 45709 | B17: ali demirel ihtar noter msrf için av. Emrullaha havale | G17: -2391.39 | H17: =H16+F17+G17 -> -56847.72
H18: =H17+F18+G18 -> -56847.72
B19: maaş | D19: 15000 | F19: 15054.88 | H19: =H18+F19+G19 -> -41792.84
B20: yasemin | E20: -7500 | G20: -7502 | H20: =H19+F20+G20 -> -49294.84
B21: umut | E21: -7500 | G21: -7502 | H21: =H20+F21+G21 -> -56796.84
B22: Genel Masraf | E22: -7500 | G22: -7502 | H22: =H21+F22+G22 -> -64298.84
H23: =H22+F23+G23 -> -64298.84
H24: =H23+F24+G24 -> -64298.84
A25: 45716 | B25: SANAYI BELEDIYE SAYC UCRETI | C25: 2024 / 7/9 iş kk | E25: -1380 | G25: -1380 | H25: =H24+F25+G25 -> -65678.84
A26: 45716 | B26: Elektrik 5847500300 Kümbet D09 | E26: -600 | G26: -325 | H26: =H25+F26+G26 -> -66003.84
A27: 45716 | B27: Elektrik 8222520300 Kümbet D10 | E27: -800 | G27: -570 | H27: =H26+F27+G27 -> -66573.84
B28: Doğuş Kira 7/12-2025-26 | D28: 15000 | H28: =H27+F28+G28 -> -66573.84
H29: =H28+F29+G29 -> -66573.84
B30: TUSDATA 2025 22/30 79605 - 8845 = 70760 | H30: =H29+F30+G30 -> -66573.84
H31: =H30+F31+G31 -> -66573.84
H32: =H31+F32+G32 -> -66573.84
H35: 15000
G36: 2025 01 tüfe | H36: 0.5635
B37: İşbank 4876 KK | E37: =SUM(E38:E49) -> 0 | H37: =H36*H35 -> 8452.5
E38: HESAP KESİM | G38: doğuş | H38: =SUM(H37+H35) -> 23452.5
B52: Denizbank 5165 kk | E52: =SUM(E53:E98) -> -29103.34
A56: 46018 | B56: cevizli | E56: -135
A57: 46016 | B57: kkasap | E57: -240
A58: 46015 | B58: pideci mustafa | E58: -550
A59: 46020 | B59: pegasus kıbrıs umut mezuniyet peri-atila-hc kysr | E59: -12762 | F59: 0
A60: 46021 | B60: merc çorca | E60: -120
A61: 46022 | B61: pegasus kıbrıs umut mezuniyet yasemin ist | E61: -3741 | F61: 0
A62: 46022 | B62: pegasus kıbrıs umut mezuniyet ayşe ist | E62: -3741 | F62: 0
A63: 46022 | B63: tvk knt | E63: -560
A64: 45658 | B64: mrkt | E64: -177.87
A65: 45658 | B65: mrkt bonustan | D65: 69.13
A66: 45659 | B66: mrkt | E66: -470
A67: 45660 | B67: tvk dnr | E67: -70
A68: 45660 | B68: ödeme | D68: 7885.34
A69: 45664 | B69: dnr | E69: -230
A70: 45666 | B70: tvk dnr | E70: -70
A71: 45667 | B71: topçam istanbul tasemin karakol | E71: -1000 | F71: 0
A72: 45667 | B72: mola | E72: -75
A73: 45667 | B73: ymk ysmn | E73: -400
A74: 45669 | B74: penti pijama | E74: -2529.97
A75: 45669 | B75: emar yemek | E75: -970
A76: 45669 | B76: emar yemek çocuklar | E76: -970
A77: 45670 | B77: mola | E77: -60
A78: 45672 | B78: pegasus yasemin indirimli | E78: -794 | F78: 0
A79: 45672 | B79: pegasus iade | E79: 1762 | F79: 0
A80: 45672 | B80: merc çorca | E80: -120
A81: 45673 | B81: tvk dnr | E81: -70
A82: 45673 | B82: kasap | E82: -385
A83: 45674 | B83: pide | E83: -100
A84: 45677 | B84: dnr | E84: -230
A85: 45677 | B85: mrkt | E85: -174.5
A86: 45678 | B86: mrcmk çorba | E86: -120
E87: HESAP KESİM
A112: MART 2025 e | B112: Devir | C112: 2025 | G112: =SUM(G116:G142) -> 857724.06
E114: alış Tutar
B115: yasemin | G115: 0
B116: umut | G116: 0
A117: 45716 | B117: pervin 329500-35800 | G117: 195330
A118: 45716 | B118: İş 1626748 | G118: 35797.12
B119: denizbank | G119: 500
A121: 45667 | B121: İş ytrm 1626748 801 | C121: 50 | D121: 872.26366 | E121: =D121*C121 -> 43613.183 | F121: 924.55062 | G121: =F121*C121 -> 46227.531 | I121: =G121-E121 -> 2614.3479
A122: 45672 | B122: İş ytrm 1626748 801 | C122: 55 | D122: 877.65409 | E122: =D122*C122 -> 48270.975 | F122: =F121 -> 924.55062 | G122: =F122*C122 -> 50850.284 | I122: =G122-E122 -> 2579.3091
A123: 45680 | B123: İş ytrm 1626748 THYAO | C123: 120 | D123: 305 | E123: =D123*C123 -> 36600 | F123: 308 | G123: =F123*C123 -> 36960 | I123: =G123-E123 -> 360
A124: 45620 | B124: iş ytrm ALTIN.S1 32,48 | C124: 4000 | D124: 32.55 | E124: =D124*C124 -> 130200 | F124: 34.47 | G124: =F124*C124 -> 137880 | I124: =G124-E124 -> 7680
A125: 45659 | B125: iş ytrm ALTIN.S1 30,86 | C125: 4000 | D125: 30.86 | E125: =D125*C125 -> 123440 | F125: =F124 -> 34.47 | G125: =F125*C125 -> 137880 | H125: =SUM(G121:G125) -> 409797.82 | I125: =G125-E125 -> 14440
E126: =SUM(E121:E125) -> 382124.16 | F126: HESAP KESİM | H126: =(SUM(G121:G125))-(SUM(E121:E125)) -> 27673.657 | I126: =SUM(I121:I125) -> 27673.657
A128: 45509 | B128: gau iş alış | C128: 1 | D128: 2500 | E128: =D128*C128 -> 2500 | F128: 3283 | G128: =C128*F128 -> 3283 | I128: =G128-E128 -> 783
A129: 45509 | B129: xau çeyrek | C129: 16 | D129: 4100 | E129: =D129*C129 -> 65600 | F129: =F128*1.73 -> 5679.59 | G129: =C129*F129 -> 90873.44 | I129: =G129-E129 -> 25273.44
A130: 45509 | B130: xau tam | C130: 1 | D130: 16200 | E130: =D130*C130 -> 16200 | F130: =F129*4 -> 22718.36 | G130: =C130*F130 -> 22718.36 | H130: =SUM(G128:G130) -> 116874.8 | I130: =G130-E130 -> 6518.36
E131: =SUM(E128:E130) -> 84300 | H131: =(SUM(G128:G130))-(SUM(E128:E130)) -> 32574.8
A133: 45345 | B133: iş ytrm 382789 TTE | C133: 125000 | D133: 1.039943 | E133: =D133*C133 -> 129992.88 | F133: 0.768361 | G133: =F133*C133 -> 96045.125 | I133: =G133-E133 -> -33947.75
A134: 45400 | B134: iş ytrm 382789 RGYAS | C134: 10 | D134: 135 | E134: =D134*C134 -> 1350 | F134: 112.6 | G134: =F134*C134 -> 1126 | I134: =G134-E134 -> -224
A135: 45418 | B135: iş ytrm 382789 KOTON | C135: 38 | D135: 30.5 | E135: =D135*C135 -> 1159 | F135: 16.9 | G135: =F135*C135 -> 642.2 | I135: =G135-E135 -> -516.8
A136: 45418 | B136: iş ytrm 382789 LILAK | C136: 26 | D136: 37.115 | E136: =D136*C136 -> 964.99 | F136: 23.5 | G136: =F136*C136 -> 611 | H136: =SUM(G133:G136) -> 98424.325 | I136: =G136-E136 -> -353.99
E137: =SUM(E133:E136) -> 133466.86 | F137: HESAP KESİM | H137: =(SUM(G133:G136))-(SUM(E133:E136)) -> -35042.54
B139: USD iş alış 35,4713 | C139: 33.2506
B140: eur iş alış 39,3164 | C140: 36.855 | F140: HESAP KESİM
B141: kasa nakit | G141: 0
B142: nakit | G142: 1000
G143: TOPLAM YATIRIM SONUCU | H143: =H131+H137+H126 -> 25205.917
D145: Ay sonu BAKİYE | F145: HESAP KESİM | G145: =SUM(G116:G142) -> 857724.06
C146: =A112 -> MART 2025 e | D146: Bakiye
A148: 45667 | B148: iş ytrm 382789 801 nzn | C148: 240 | D148: 872.26366 | E148: =D148*C148 -> 209343.28 | F148: =F122 -> 924.55062 | G148: =F148*C148 -> 221892.15 | I148: =G148-E148 -> 12548.87
A151: 45691 | B151: İş ytrm 1626748 801 satış 25 | D151: 752.55562 | E151: =D151*C151 -> 0 | F151: 899.26057 | G151: =F151*C151 -> 0 | I151: =G151-E151 -> 0
A152: 45680 | B152: İş ytrm 1626748 801 deniz kk | C152: -25 | D152: 752.55562 | E152: =D152*C152 -> -18813.89 | F152: 899.26057 | G152: =F152*C152 -> -22481.514 | I152: =E152-G152 -> 3667.6239
...

Sheet 01_25
F1: GİRİŞ | G1: ÇIKIŞ | H1: BAKİYE
A2: - OCAK 2025 | C2: TOPLAM | D2: =SUM(D4:D44) -> 398664 | E2: =SUM(E4:E44) -> -55562.4 | F2: =SUM(F4:F44) -> 320054.88 | G2: =SUM(G4:G44) -> -59018.87 | H2: =F2+G2 -> 261036.01
H4: =H3+F4+G4 -> 0
H5: =H4+F5+G5 -> 0
A6: 45660 | B6: SnyB salih ant 16 asgari ücret * 22104 = 353664 | H6: =H5+F6+G6 -> 0
A7: 45660 | B7: SnyB salih ant bankadan | D7: 353664 | F7: 290000 | H7: =H6+F7+G7 -> 290000
B8: umut banka hesabı – hmb hesaba havale – 801 – 209 nazan | H8: =H7+F8+G8 -> 290000
A9: 45660 | B9: KK 4876 İşbank | E9: =E67 -> 0 | G9: =E9 -> 0 | H9: =H8+F9+G9 -> 290000
A10: 45660 | B10: KK 5165 Denizbank | E10: =E82 -> -7885.34 | G10: =E10 -> -7885.34 | H10: =H9+F10+G10 -> 282114.66
H11: =H10+F11+G11 -> 282114.66
B12: Aidat Marmara Royal Site 9/12 | E12: -2117.06 | G12: =E12 -> -2117.06 | H12: =H11+F12+G12 -> 279997.6
B13: Kira Adem Özen 8/12 Mrmr Ryl A Blok 82 | E13: -17500 | G13: =E13 -> -17500 | H13: =H12+F13+G13 -> 262497.6
B14: Elektrik 9522138254 Sanayi | E14: 0 | G14: 0 | H14: =H13+F14+G14 -> 262497.6
A15: 45671 | B15: Doğuş Kira 5/12-2025-26 bankadan | D15: 15000 | F15: 15000 | H15: =H14+F15+G15 -> 277497.6
H16: =H15+F16+G16 -> 277497.6
A17: 45677 | B17: Doğalgaz 800004222954 Kümbet D10 | E17: -1000 | G17: -2390 | H17: =H16+F17+G17 -> 275107.6
A18: 45677 | B18: Doğalgaz 800004222959 Kümbet D09 | E18: -200 | G18: -25 | H18: =H17+F18+G18 -> 275082.6
A19: 45677 | B19: Doğalgaz Marmara Royal Ablok D:82 | E19: -200 | G19: -288.97 | H19: =H18+F19+G19 -> 274793.63
H20: =H19+F20+G20 -> 274793.63
A21: 45684 | B21: yasemin 24 ocak için | G21: -4000 | H21: =H20+F21+G21 -> 270793.63
A22: 45684 | B22: yasemin | E22: -7500 | G22: -7501 | H22: =H21+F22+G22 -> 263292.63
A23: 45684 | B23: umut | E23: -7500 | G23: -7501 | H23: =H22+F23+G23 -> 255791.63
A24: 45684 | B24: Genel Masraf | E24: -7500 | G24: -7500 | H24: =H23+F24+G24 -> 248291.63
A25: 45684 | B25: ahmet alp karne | G25: -1000 | H25: =H24+F25+G25 -> 247291.63
A26: 45655 | B26: SANAYI BELEDIYE SAYC UCRETI | C26: 2024 / 5/9 | E26: -1380 | H26: =H25+F26+G26 -> 247291.63
A27: 45686 | B27: SANAYI BELEDIYE SAYC UCRETI | C27: 2024 / 6/9 | E27: -1380 | H27: =H26+F27+G27 -> 247291.63
A28: 45684 | B28: emlak vergileri İŞ KK İLE ÖDENDİ AYŞE-HMB - PERİ BORC YOK | H28: =H27+F28+G28 -> 247291.63
B29: turknet yıllık internet | C29: dnz kk | H29: =H28+F29+G29 -> 247291.63
H30: =H29+F30+G30 -> 247291.63
A31: 45688 | B31: Elektrik 5847500300 Kümbet D09 | E31: -600 | G31: -425 | H31: =H30+F31+G31 -> 246866.63
A32: 45688 | B32: Elektrik 8222520300 Kümbet D10 | E32: -800 | G32: -680 | H32: =H31+F32+G32 -> 246186.63
A33: 45688 | B33: voda 2240 | G33: -205.5 | H33: =H32+F33+G33 -> 245981.13
B34: Doğuş Kira 6/12-2025-26 | D34: 15000 | H34: =H33+F34+G34 -> 245981.13
B35: maaş | D35: 15000 | F35: 15054.88 | H35: =H34+F35+G35 -> 261036.01
B36: TUSDATA 2025 21/30 1*8595 = 8595-250 = 8345 | H36: =H35+F36+G36 -> 261036.01
H37: =H36+F37+G37 -> 261036.01
B47: TUSDATA 2023 8/30 8*250 = 2000 ÖDENDİ
B48: TUSDATA 2024 9/30 – 20/30 12*250 = 3000 ÖDENDİ + 250 TL fazla ödeme yapıldı
B49: TUSDATA 2025 21/30 1*8595 = 8595
B50: TUSDATA 2025 22/30-30/30 9*8845 = 79605
B51: TUSDATA TOPLAM 93450
F53: =E59 -> 93450
B54: TUSDATA 2023 aylık ödendi | C54: 8 | D54: 250 | E54: =D54*C54 -> 2000 | F54: =F53-E54 -> 91450 | G54: ÖDENDİ
B55: TUSDATA 2024 aylık ödendi | C55: 2 | D55: 250 | E55: =D55*C55 -> 500 | F55: =F54-E55 -> 90950 | G55: ÖDENDİ
B56: TUSDATA 2024 Toplu ödendi | C56: 11 | D56: 250 | E56: =D56*C56 -> 2750 | F56: =F55-E56 -> 88200 | G56: ÖDENDİ
B57: TUSDATA 2025 | C57: 1 | D57: 8595 | E57: =D57*C57 -> 8595 | F57: =F56-E57 -> 79605 | G57: ÖDENECEK
B58: TUSDATA 2025 | C58: 9 | D58: 8845 | E58: =D58*C58 -> 79605 | F58: =F57-E58 -> 0 | G58: ÖDENECEK
D59: TOPLAM | E59: =SUM(E54:E58) -> 93450
B61: TUSDATA anlaşma 31-3-2023 te yapıldı | E61: 45016 | G61: 45672
B62: TUSDATA NAKİT FİYATI 57950/18,78 = 3085,73 USD | C62: 3085.73 | D62: usd | E62: 18.78 | F62: =E62*C62 -> 57950.009 | G62: 35.5 | H62: =G62*C62 -> 109543.41
B63: TUSDATA NAKİT FİYATI 57950/1179,83 = 49,12 gr Altın | C63: 49.12 | D63: gr | E63: 1179.83 | F63: =E63*C63 -> 57953.25 | G63: 3075 | H63: =G63*C63 -> 151044
B64: 31-3-2023 USD iş alış 18,78
B65: 31-3-2023 ALTIN İŞ ALIŞ 1179,83
B67: İşbank 4876 KK | E67: =SUM(E68:E79) -> 0
B68: BORÇ YOK | E68: HESAP KESİM
A70: 45715 | B70: turknet 12 aylık internet + 299,90 fazla ödeme | C70: 5938.68 | D70: 6 taksit
B72: 6 ayda ödenecek
B73: 989.78 | C73: 6 | D73: =C73*B73 -> 5938.68
B74: =D74/C73/2 -> 469.89833 | D74: =D73-299.9 -> 5638.78
B75: aylık fiyat
B76: fazla ödeme | D76: =D73-D74 -> 299.9
B82: Denizbank 5165 kk | E82: =SUM(E83:E101) -> -7885.34
A84: 45630 | B84: belediye | E84: -4408.95
B85: mrkt | E85: -215.45
A86: 45621 | B86: toyota gaz | E86: -200
A87: 45630 | B87: ödeme | C87: 9239.03 | E87: -250
B88: mrkt | E88: -230.94
B89: audi kışlık dğşm | E89: -600
A90: 45633 | B90: döner vedat | E90: -200
B91: audi benzin | E91: -500
B92: pervin ankara-tokat | E92: -630
B93: pide | E93: -50
B94: audi benzin | E94: -500
A95: 45649 | B95: işkembe | E95: -100
E96: HESAP KESİM
A107: ŞUBAT 2025 e | B107: Devir | C107: 2025 | G107: =SUM(G111:G139) -> 906718.19
E109: alış Tutar
B110: yasemin | G110: 0
B111: umut | G111: 0
A112: 45691 | B112: pervin 329500-35800 | G112: 221330
A113: 45691 | B113: İş 1626748 | G113: 5000
B114: denizbank
A117: 45553 | B117: İş ytrm 1626748 801 | C117: 25 | D117: 752.55562 | E117: =D117*C117 -> 18813.89 | F117: 899.26057 | G117: =F117*C117 -> 22481.514 | I117: =G117-E117 -> 3667.6239
A118: 45667 | B118: İş ytrm 1626748 801 | C118: 100 | D118: 872.26366 | E118: =D118*C118 -> 87226.366 | F118: =F117 -> 899.26057 | G118: =F118*C118 -> 89926.057 | I118: =G118-E118 -> 2699.6909
A119: 45672 | B119: İş ytrm 1626748 801 | C119: 55 | D119: 877.65409 | E119: =D119*C119 -> 48270.975 | F119: =F118 -> 899.26057 | G119: =F119*C119 -> 49459.332 | I119: =G119-E119 -> 1188.3565
A120: 45680 | B120: İş ytrm 1626748 THYAO | C120: 120 | D120: 305 | E120: =D120*C120 -> 36600 | F120: 313.75 | G120: =F120*C120 -> 37650 | I120: =G120-E120 -> 1050
A121: 45620 | B121: iş ytrm ALTIN.S1 32,48 | C121: 4000 | D121: 32.55 | E121: =D121*C121 -> 130200 | F121: 33.55 | G121: =F121*C121 -> 134200 | I121: =G121-E121 -> 4000
A122: 45659 | B122: iş ytrm ALTIN.S1 30,86 | C122: 4000 | D122: 30.86 | E122: =D122*C122 -> 123440 | F122: =F121 -> 33.55 | G122: =F122*C122 -> 134200 | H122: =SUM(G117:G122) -> 467916.9 | I122: =G122-E122 -> 10760
E123: =SUM(E117:E122) -> 444551.23 | F123: HESAP KESİM | H123: =(SUM(G117:G122))-(SUM(E117:E122)) -> 23365.671 | I123: =SUM(I117:I122) -> 23365.671
A125: 45509 | B125: gau iş alış | C125: 1 | D125: 2500 | E125: =D125*C125 -> 2500 | F125: 3250 | G125: =C125*F125 -> 3250 | I125: =G125-E125 -> 750
A126: 45509 | B126: xau çeyrek | C126: 16 | D126: 4100 | E126: =D126*C126 -> 65600 | F126: 5300 | G126: =C126*F126 -> 84800 | I126: =G126-E126 -> 19200
A127: 45509 | B127: xau tam | C127: 1 | D127: 16200 | E127: =D127*C127 -> 16200 | F127: =F126*4 -> 21200 | G127: =C127*F127 -> 21200 | H127: =SUM(G125:G127) -> 109250 | I127: =G127-E127 -> 5000
E128: =SUM(E125:E127) -> 84300 | F128: HESAP KESİM | H128: =(SUM(G125:G127))-(SUM(E125:E127)) -> 24950
A130: 45345 | B130: iş ytrm 382789 TTE | C130: 125000 | D130: 1.039943 | E130: =D130*C130 -> 129992.88 | F130: 0.797726 | G130: =F130*C130 -> 99715.75 | I130: =G130-E130 -> -30277.125
A131: 45400 | B131: iş ytrm 382789 RGYAS | C131: 10 | D131: 135 | E131: =D131*C131 -> 1350 | F131: 118.2 | G131: =F131*C131 -> 1182 | I131: =G131-E131 -> -168
A132: 45418 | B132: iş ytrm 382789 KOTON | C132: 38 | D132: 30.5 | E132: =D132*C132 -> 1159 | F132: 17.67 | G132: =F132*C132 -> 671.46 | I132: =G132-E132 -> -487.54
A133: 45418 | B133: iş ytrm 382789 LILAK | C133: 26 | D133: 37.115 | E133: =D133*C133 -> 964.99 | F133: 25.08 | G133: =F133*C133 -> 652.08 | H133: =SUM(G130:G133) -> 102221.29 | I133: =G133-E133 -> -312.91
E134: =SUM(E130:E133) -> 133466.86 | F134: HESAP KESİM | H134: =(SUM(G130:G133))-(SUM(E130:E133)) -> -31245.575
B136: USD iş alış 35,4713 | C136: 33.2506
B137: eur iş alış 39,3164 | C137: 36.855
...

Sheet PERI_24
B2: 2024 | C2: hesaba yazılmayan | D2: hacı ödeme | E2: peri ödeme | F2: BAKİYE
A5: 45291 | B5: 2023 den devir PERİ BORÇLU | F5: 1072
A6: 45306 | B6: aliden kredi için alınan 15/01/2024 taksidi | E6: 3450 | F6: =F5+D6-E6 -> -2378
A7: 45309 | B7: audi mtv 2024-1 | D7: 899 | F7: =F6+D7-E7 -> -1479
A8: 45309 | B8: trafik cezası maliyeden | D8: 1093.65 | F8: =F7+D8-E8 -> -385.35
A9: 45310 | B9: ankaraya giderken nakit (umut) | D9: 1000 | F9: =F8+D9-E9 -> 614.65
A10: 45319 | B10: trafik cezası muhtardan | C10: 713.25 | F10: =F9+D10-E10 -> 614.65
B11: kayseri otobüs bileti | D11: 1200 | F11: =F10+D11-E11 -> 1814.65
A12: 45366 | B12: 1 adet çeyrek | D12: 4100 | F12: =F11+D12-E12 -> 5914.65
A13: 45366 | B13: işbanktan hacıya havale | E13: 6300 | F13: =F12+D13-E13 -> -385.35
A14: 45366 | B14: işbanktan periye havale kred iiçin | D14: 3450 | F14: =F13+D14-E14 -> 3064.65
A15: 45366 | B15: ziraat kredi ödemesi | E15: 3461 | F15: =F14+D15-E15 -> -396.35
A16: 45371 | B16: audi teker porya-yazlık lastik değişimi | C16: 3350 | F16: =F15+D16-E16 -> -396.35
A17: 45412 | B17: panter testere 1/9 | E17: 500 | F17: =F16+D17-E17 -> -896.35
A18: 45398 | B18: işbanktan periye havale kred iiçin | D18: 3467 | E18: 3461 | F18: =F17+D18-E18 -> -890.35
B19: azaerbaycan otel için 240 usd *32 | E19: 7680 | F19: =F18+D19-E19 -> -8570.35
A20: 45427 | B20: ali kredi için -ali bankaya yatırmış | F20: =F19+D20-E20 -> -8570.35
A21: 45442 | B21: panter testere 2/9 | E21: 500 | F21: =F20+D21-E21 -> -9070.35
A22: 45442 | B22: audi kaza için alınan | E22: 120000 | F22: =F21+D22-E22 -> -129070.35
A23: 45442 | B23: audi kaza için harcanan | D23: 21000 | F23: =F22+D23-E23 -> -108070.35
A24: 45458 | B24: aliden kredi için alınan 15/06/2024 taksidi | D24: 3450 | F24: =F23+D24-E24 -> -104620.35
A25: 45458 | B25: ziraate havale kredi için bayram öncesi | E25: 3467 | F25: =F24+D25-E25 -> -108087.35
A26: 45453 | B26: benzin | C26: 1500 | F26: =F25+D26-E26 -> -108087.35
B27: trafik cezaı yıldızeli | C27: 1300 | F27: =F26+D27-E27 -> -108087.35
A28: 45470 | B28: çeyrek 5 ad. 4030 * 5 | D28: 20150 | F28: =F27+D28-E28 -> -87937.35
A29: 45473 | B29: panter testere 3/9 | E29: 500 | F29: =F28+D29-E29 -> -88437.35
A30: 45487 | B30: elden nakit aliden alınan kredi için | D30: 3500 | F30: =F29+D30-E30 -> -84937.35
A31: 45487 | B31: peri ziraat kredi ödemesi taksit 76 | E31: 3465.81 | F31: =F30+D31-E31 -> -88403.16
A32: 45503 | B32: panter testere 4/9 -9/9 6 taksit | E32: 3000 | F32: =F31+D32-E32 -> -91403.16
B33: ARACI ALMADAN ÖNCE HACI BORÇ TOPLAMI | F33: =F32+D33-E33 -> -91403.16
B35: tcross 12-8-2024 | D35: 1466500 | F35: =D35-E35 -> 1466500
B36: sigorta | D36: 11631 | F36: =F35+D36-E36 -> 1478131
B37: kasko | D37: 15500 | F37: =F36+D37-E37 -> 1493631
B38: ARAÇ TOPLAM MALİYET | F38: =F37+D38-E38 -> 1493631
F39: =F38+D39-E39 -> 1493631
B40: ARAÇ ÖNCESİ HESAP | E40: =F33*-1 -> 91403.16 | F40: =F39+D40-E40 -> 1402227.8
B41: TRAFİK SİGORTASI | E41: 11631 | F41: =F40+D41-E41 -> 1390596.8
B42: KASKO 9 taksitte ödenecek peri kk | E42: 15500 | F42: =F41+D42-E42 -> 1375096.8
B43: atiladan yasemine araba için | E43: 100000 | F43: =F42+D43-E43 -> 1275096.8
B44: Yasemin + dersanedwn | E44: 75000 | F44: =F43+D44-E44 -> 1200096.8
B45: Yasemin maaştan ödeyecek | E45: 59783.84 | F45: =F44+D45-E45 -> 1140313
B46: ATİLADAN geri alınan EMANET ALTIN | E46: 550000 | F46: =F45+D46-E46 -> 590313
A47: 45509 | B47: pervin 6 ad çeyrek *4100 | F47: =F46+D47-E47 -> 590313
B48: pervin 1 ad tam *16200 | F48: =F47+D48-E48 -> 590313
B49: pervin 1 ad gram *2500 | F49: =F48+D49-E49 -> 590313
B50: pervin 10 ad çeyrek *4100 | E50: 84313 | F50: =F49+D50-E50 -> 506000
B51: ziraat kredi 68000 TL aliden nakit alındı ziraate 22 taksitte ödenecek | E51: 68000 | F51: =F50+D51-E51 -> 438000
F52: =F51+D52-E52 -> 438000
F53: =F52+D53-E53 -> 438000
A54: 45519 | B54: PERVİNDEN HAVALE taksit 1/12 | C54: ÖDENDİ | E54: 30000 | F54: =F53+D54-E54 -> 408000
B55: havale | D55: 200 | F55: =F54+D55-E55 -> 408200
B56: istanbul tokat topçam bilet | E56: 1100 | F56: =F55+D56-E56 -> 407100
A57: 45536 | B57: Taksit 1/12 kalan | C57: ÖDENDİ | E57: 5600 | F57: =F56+D57-E57 -> 401500
A58: 45550 | B58: Taksit 2/12 30000 | C58: ÖDENDİ | E58: 30000 | F58: =F57+D58-E58 -> 371500
A59: 45565 | B59: Taksit 2/12 6000 | C59: 500 noksan ÖDENDİ | E59: 6000 | F59: =F58+D59-E59 -> 365500
A60: 45580 | B60: Taksit 3/12 30000 | C60: ÖDENDİ | E60: 30000 | F60: =F59+D60-E60 -> 335500
A61: 45595 | B61: Taksit 3/12 6000 | C61: 500 noksan ÖDENDİ | E61: 6000 | F61: =F60+D61-E61 -> 329500
A62: 45611 | B62: Taksit 4/12 36,500 | C62: 700 noksan ÖDENDİ | E62: 35800 | F62: =F61+D62-E62 -> 293700
B63: ankara-tokat bilet | D63: 630 | F63: =F62+D63-E63 -> 294330
B64: sivas benzin | D64: 1000 | F64: =F63+D64-E64 -> 295330
A65: 45641 | B65: Taksit 5/12 36,500 | C65: 1500 fazla | E65: 38000 | F65: =F64+D65-E65 -> 257330
A66: 45672 | B66: Taksit 6/12 | C66: ÖDENECK | E66: 36500 | F66: =F65+D66-E66 -> 220830
A67: 45703 | B67: Taksit 7/12 | C67: ÖDENECK | E67: 36500 | F67: =F66+D67-E67 -> 184330
A68: 45731 | B68: Taksit 8/12 | C68: ÖDENECK | E68: 36500 | F68: =F67+D68-E68 -> 147830
A69: 45762 | B69: Taksit 9/12 | C69: ÖDENECK | E69: 36500 | F69: =F68+D69-E69 -> 111330
A70: 45792 | B70: Taksit 10/12 | C70: ÖDENECK | E70: 36500 | F70: =F69+D70-E70 -> 74830
A71: 45823 | B71: Taksit 11/12 | C71: ÖDENECK | E71: 36500 | F71: =F70+D71-E71 -> 38330
A72: 45853 | B72: Taksit 12/12 | C72: ÖDENECK | E72: 36500 | F72: =F71+D72-E72 -> 1830
F73: =F72+D73-E73 -> 1830
F74: KALAN BAKİYE
B80: TCROSS | D80: 1466500 | F80: =F79+D80-E80 -> 1466500
B81: TRAFİK SİGORTASI | D81: 11631 | F81: =F80+D81-E81 -> 1478131
B82: KASKO SİGORTASI | D82: 15500 | F82: =F81+D82-E82 -> 1493631
F83: =F82+D83-E83 -> 1493631
F84: =F83+D84-E84 -> 1493631
B85: T-CROSS TOPLAM MALİYET | F85: =F84+D85-E85 -> 1493631
B87: ÖDEMELER | C87: Ödeyen | E87: Miktar | F87: Bakiye
F88: =F85+D88-E88 -> 1493631
F89: =F88-E89 -> 1493631
B90: Yasemin | C90: Yasemin | E90: =E44+E45 -> 134783.84 | F90: =F89-E90 -> 1358847.2
F91: =F90-E91 -> 1358847.2
B92: ATİLA | C92: Atila | E92: 100000 | F92: =F91-E92 -> 1258847.2
F93: =F92-E93 -> 1258847.2
B94: sigorta | C94: hacı | E94: 11631 | F94: =F93-E94 -> 1247216.2
B95: kasko | C95: hacı | E95: 15500 | F95: =F94-E95 -> 1231716.2
D96: Yasemin Atila Hacı Toplam Ödeme | E96: =SUM(E90:E95) -> 261914.84
F98: =F95-E98 -> 1231716.2
B99: PERVİN ALTIN | C99: Pervin | E99: 84313 | F99: =F98-E99 -> 1147403.2
B100: ZİRAAT KREDİ | C100: Pervin | E100: 68000 | F100: =F99-E100 -> 1079403.2
B101: AUDİ HESAPTAN | C101: Pervin | E101: =F33*-1 -> 91403.16 | F101: =F100-E101 -> 988000
B102: ALTIN | C102: Pervin | E102: 550000 | F102: =F101-E102 -> 438000
B103: 12*36500 taksit ödemesi | C103: Pervin | E103: 438000 | F103: =F102-E103 -> 0
D104: Pervin Toplam Ödeme | E104: =SUM(E99:E103) -> 1231716.2
B121: YASEMİN ARAÇ HESABI
F123: =F122+D123-E123 -> 0
B124: YASEMİN KAPORA | D124: 50000 | F124: =F123+D124-E124 -> 50000
B125: YASEMİN UMUTTAN OKUL PARASINDAN | D125: 140000 | F125: =F124+D125-E125 -> 190000
B126: YASEMİN OKUL PARASINDAN | D126: 195000 | F126: =F125+D126-E126 -> 385000
B127: YASEMİN OKUL PARASI | E127: 310000 | F127: =F126+D127-E127 -> 75000
B128: DERSANE+ ÖDEME | F128: =F127+D128-E128 -> 75000
...

Sheet cross
E2: gr | F2: 2513
E3: çeyrek | F3: 4100
E4: s1 | F4: 26.15
E5: iş 801
D7: adet | E7: fiyat | F7: tutar | H7: bakiye
A8: gelen | B8: 44562 | C8: 94,25 gr bilezik * 2400 TL/gr (22 ayar) | D8: 94.25 | E8: 2400 | F8: 225000
A9: altın | B9: 44562 | C9: 78 çeyrek * 4200 | D9: 78 | E9: 4200 | F9: 325000
B11: 45509 | C11: iş 801 | D11: 779 | E11: 710.60565 | F11: =E11*D11 -> 553561.8 | G11: =F11 -> 553561.8 | H11: =G11 -> 553561.8
A14: pervin | B14: 45509 | C14: pervin 13 ad çeyrek *4200 benim kasada | D14: 13 | E14: =$F$3 -> 4100 | F14: =E14*D14 -> 53300 | H14: =H11+F14 -> 606861.8
B15: 45357 | C15: pervin 6 ad çeyrek *4200 benim kasada | D15: 6 | E15: =$F$3 -> 4100 | F15: =E15*D15 -> 24600 | H15: =H14+F15 -> 631461.8
C16: pervin 1 ad tam *16200 benim kasada | D16: 1 | E16: 16000 | F16: =E16*D16 -> 16000 | H16: =H15+F16 -> 647461.8
C17: pervin 1 ad gram *2500 benim kasada | D17: 1 | E17: =$F$2 -> 2513 | F17: =E17*D17 -> 2513 | H17: =H16+F17 -> 649974.8
C18: pervin banka 10 kasada | D18: 10 | E18: =$F$3 -> 4100 | F18: =E18*D18 -> 41000 | G18: =SUM(F14:F18) -> 137413 | H18: =H17+F18 -> 690974.8
A20: hacı | B20: 45509 | C20: okul parasından gelecek (nakit) | D20: 1 | E20: 60000 | F20: =E20*D20 -> 60000 | H20: =H18+F20 -> 750974.8
C21: gr altın 5 * 2500 OKUL PARASI KALSIN | D21: 5 | E21: =$F$2 -> 2513 | F21: =E21*D21 -> 12565
C22: gr altın 36 * 2500 (audi) | D22: 32 | E22: =$F$2 -> 2513 | F22: =E22*D22 -> 80416 | H22: =H20+F22 -> 831390.8 | I22: BOZ
C23: gr altın 94 * 2520 | D23: 93 | E23: =$F$2 -> 2513 | F23: =E23*D23 -> 233709 | H23: =H22+F23 -> 1065099.8 | I23: BOZ
C24: dolsr 850 *32 OKUL PARASI KALSIN | D24: 850 | E24: 31 | F24: =E24*D24 -> 26350 | I24: BOZ
C25: s1 25,93*7500 | D25: 7500 | E25: =$F$4 -> 26.15 | F25: =E25*D25 -> 196125 | G25: =SUM(F20:F25) -> 609165 | H25: =H23+F25 -> 1261224.8 | I25: BOZ
A27: yasemin | B27: satıldı | C27: s1 | D27: 471 | E27: =$F$4 -> 26.15 | F27: =E27*D27 -> 12316.65 | H27: =H25+F27 -> 1273541.4 | I27: boz
C28: ytr 801 | D28: 31 | E28: 709 | F28: =E28*D28 -> 21979 | H28: =H27+F28 -> 1295520.4 | I28: ASIL HESAP
B29: satıldı | C29: ytr 808 722 adet deil TL imiş | D29: 30 | E29: 722 | F29: =E29*D29 -> 21660 | H29: =H28+F29 -> 1317180.4 | I29: boz
C30: ytr 812 | D30: 3680 | E30: 0.85 | F30: =E30*D30 -> 3128 | H30: =H29+F30 -> 1320308.4 | I30: KALSIN
B31: satıldı | C31: gr OKUL PARASI KALSIN | D31: 77.3 | E31: =$F$2 -> 2513 | F31: =E31*D31 -> 194254.9 | G31: =SUM(F27:F31) -> 253338.55
H32: =H30+F32 -> 1320308.4
A33: Atila | C33: nakit | F33: 100000 | G33: =F33 -> 100000 | H33: =H32+F33 -> 1420308.4 | I33: GELECEK
A34: Ali | C34: nakit | F34: 68000 | G34: 68000 | H34: =H33+F34 -> 1488308.4 | I34: GELECEK
G42: ÖDEME | J42: KALAN
J43: 1500000
C44: uyasemin iş 801 | F44: 22058 | H44: =H43+F44-G44 -> 22058
A45: yasemin | C45: umut okul parasından umut -> peri > yasemin havale edildi | F45: 155000 | H45: =H44+F45-G45 -> 177058
C46: kaparo için doğuş otoya yaseminden havale | G46: 50000 | H46: =H45+F46-G46 -> 127058 | I46: ÖDENDİ | J46: =J43-G46 -> 1450000
C47: yasemin 808 den gelen | F47: 722 | H47: =H46+F47-G47 -> 127780 | I47: HESAPTA
H48: =H47+F48-G48 -> 127780
H49: =H48+F49-G49 -> 127780
C50: yasemin s1 den gelecek ÇARŞAMBA SATILDI | F50: 12290 | H50: =H49+F50-G50 -> 140070 | I50: GELECEK | J50: =J46-G50 -> 1450000
J51: =J50-H50 -> 1309930
B55: 45509 | C55: hacı iş 801 | D55: 779 | E55: 711.5756 | F55: =E55*D55 -> 554317.39 | H55: =H54+F55-G55 -> 554317.39 | I55: HESAPTA
H56: =H55+F56-G56 -> 554317.39
C57: gr | D57: 125 | E57: 2510 | F57: =E57*D57 -> 313750 | H57: =H56+F57-G57 -> 868067.39 | I57: GELECEK
C58: fiziki | D58: 20 | E58: 4000 | F58: =E58*D58 -> 80000 | H58: =H57+F58-G58 -> 948067.39 | I58: GELECEK
H59: =H58+F59-G59 -> 948067.39
C60: s1 hacı | D60: 7500 | E60: 26.15 | F60: =E60*D60 -> 196125 | H60: =H59+F60-G60 -> 1144192.4 | I60: GELECEK
C61: atila | F61: 100000 | H61: =H60+F61-G61 -> 1244192.4 | I61: GELECEK
C62: ali | F62: 68000 | H62: =H61+F62-G62 -> 1312192.4 | I62: GELECEK
J63: =J51 -> 1309930
J64: =J63-H62 -> -2262.3924
B67: 45512 | C67: PERŞEMBE
C69: uyasemin iş 801 | F69: 127500 | H69: =H68+F69-G69 -> 127500
C70: umut okul parasından umut -> peri > yasemin havale edildi | H70: =H69+F70-G70 -> 127500
C71: kaparo için doğuş otoya yaseminden havale | G71: 50000 | H71: =H70+F71-G71 -> 77500 | I71: ÖDENDİ
C72: yasemin 808 den gelen | F72: 722 | H72: =H71+F72-G72 -> 78222 | I72: HESAPTA
C73: YASEMİN OKUL PARASI | F73: 195000 | H73: =H72+F73-G73 -> 273222
B74: 45509 | C74: hacı iş 801 | D74: 1235 | E74: 711.5756 | F74: =E74*D74 -> 878795.87 | H74: =H73+F74-G74 -> 1152017.9 | I74: HESAPTA
H75: =H74+F75-G75 -> 1152017.9
H76: =H75+F76-G76 -> 1152017.9 | I76: GELECEK
C77: yasemin s1 den gelecek | F77: 12290 | H77: =H76+F77-G77 -> 1164307.9 | I77: GELECEK
C78: atila | F78: 100000 | H78: =H77+F78-G78 -> 1264307.9 | I78: GELECEK
C79: ali | F79: 100000 | H79: =H78+F79-G79 -> 1364307.9 | I79: GELECEK
H80: =H79+F80-G80 -> 1364307.9
C81: s1 hacı PERŞEMBE SATILDI | D81: 7500 | E81: 26.13 | H81: =H80+F81-G81 -> 1364307.9 | I81: GELECEK
C82: fiziki | D82: 20 | E82: 4000 | G82: 1416500 | H82: =H81+F82-G82 -> -52192.134 | I82: GELECEK

Sheet GNLK-_2024
C1: TAHMİNİ | F1: GERÇEKLEŞEN | K1: NZN | L1: HC | N1: NY
A2: -2024 | B2: GİRİŞ | C2: ÇIKIŞ | D2: BAKİYE | E2: GİRİŞ | F2: ÇIKIŞ | G2: BAKİYE | J2: kR | K2: 0.235384 | L2: =1-K2 -> 0.764616 | M2: Hc 1/1 | N2: =F115/1000 -> 698.2203
A3: Ocak | B3: ='01_24'!D2 -> 340464.6 | C3: ='01_24'!E2 -> -52469.76 | D3: =B3+C3 -> 287994.84 | E3: ='01_24'!F2 -> 194911.58 | F3: ='01_24'!G2 -> -66377.21 | G3: =E3+F3 -> 128534.37 | I3: dgs | J3: 180 | M3: =J3 -> 180 | N3: ='01_24'!E118/1000 -> 813.15151
A4: Şubat | B4: ='02_24'!D2 -> 19300 | C4: ='02_24'!E2 -> -65325.85 | D4: =B4+C4+D3 -> 241968.99 | E4: ='02_24'!F2 -> 20543.64 | F4: ='02_24'!G2 -> -69834.74 | G4: =E4+F4+G3 -> 79243.27 | I4: sF | J4: 235 | K4: =J4*$K$2 -> 55.31524 | L4: =J4-K4 -> 179.68476 | N4: ='02_24'!E111/1000 -> 809.24983
A5: Mart | B5: ='03_24'!D2 -> 12800 | C5: ='03_24'!E2 -> -114592.82 | D5: =B5+C5+D4 -> 140176.17 | E5: ='03_24'!F2 -> 19667.49 | F5: ='03_24'!G2 -> -116144.16 | G5: =E5+F5+G4 -> -17233.4 | I5: tzg | M5: =J5 -> 0 | N5: ='03_24'!E108/1000 -> 745.85205
A6: Nisan | B6: ='04_24'!D2 -> 40000 | C6: ='04_24'!E2 -> -51710.3 | D6: =B6+C6+D5 -> 128465.87 | E6: ='04_24'!F2 -> 332427.62 | F6: ='04_24'!G2 -> -86892.22 | G6: =E6+F6+G5 -> 228302 | I6: maaş ocak-haziran | M6: =E18/1000 -> 68.50557 | N6: ='04_24'!E111/1000 -> 774.28774
A7: Mayıs | B7: ='05_24'!D2 -> 25000 | C7: ='05_24'!E2 -> -64525.01 | D7: =B7+C7+D6 -> 88940.86 | E7: ='05_24'!F2 -> 25427.62 | F7: ='05_24'!G2 -> -64483.92 | G7: =E7+F7+G6 -> 189245.7 | I7: maaş temmuz-aralık | M7: =E19/1000 -> 77.93537 | N7: ='05_24'!E101/1000 -> 1018.9679
A8: Hazrn | B8: ='06_24'!D2 -> 33500 | C8: ='06_24'!E2 -> -77377.564 | D8: =B8+C8+D7 -> 45063.296 | E8: ='06_24'!F2 -> 13427.62 | F8: ='06_24'!G2 -> -97778.154 | G8: =E8+F8+G7 -> 104895.17 | I8: lise | J8: 225 | M8: =J8/4 -> 56.25 | N8: ='06_24'!E118/1000 -> 794.30216
A9: Temmz | B9: ='07_24'!D2 -> 51000 | C9: ='07_24'!E2 -> -85166.06 | D9: =B9+C9+D8 -> 10897.236 | E9: ='07_24'!F2 -> 27984.15 | F9: ='07_24'!G2 -> -87971.62 | G9: =E9+F9+G8 -> 44907.696 | I9: sE | J9: 204 | K9: =J9*$K$2 -> 48.018336 | L9: =J9-K9 -> 155.98166 | N9: ='07_24'!E133/1000 -> 981.30373
A10: Ağusts | B10: ='08_24'!D2 -> 195484.15 | C10: ='08_24'!E2 -> -88440.67 | D10: =B10+C10+D9 -> 117940.72 | E10: ='08_24'!F2 -> 28006.38 | F10: ='08_24'!G2 -> -88381.87 | G10: =E10+F10+G9 -> -15467.794 | I10: ap | J10: 500 | M10: =J10*0.13 -> 65 | N10: ='08_24'!E125/1000 -> 981.30373
A11: Eylül | B11: ='09_24'!D2 -> 36484.15 | C11: ='09_24'!E2 -> -81364.9 | D11: =B11+C11+D10 -> 73059.966 | E11: ='09_24'!F2 -> 98006.38 | F11: ='09_24'!G2 -> -69863.54 | G11: =E11+F11+G10 -> 12675.046 | I11: sG | J11: 0 | K11: =J11*$K$2 -> 0 | L11: =J11-K11 -> 0 | N11: ='09_24'!E101/1000 -> 749.1966
A12: Ekim | B12: ='10_24'!D2 -> 27984.15 | C12: ='10_24'!E2 -> -126233.27 | D12: =B12+C12+D11 -> -25189.154 | E12: ='10_24'!F2 -> 64006.38 | F12: ='10_24'!G2 -> -123041.59 | G12: =E12+F12+G11 -> -46360.164 | I12: sA | J12: 0 | K12: =J12*$K$2 -> 0 | L12: =J12-K12 -> 0 | N12: ='10_24'!E136/1000 -> 726.0586
A13: Kasım | B13: ='11_24'!D2 -> 277984.15 | C13: ='11_24'!E2 -> -182434.39 | D13: =B13+C13+D12 -> 70360.606 | E13: ='11_24'!F2 -> 212306.38 | F13: ='11_24'!G2 -> -220559.32 | G13: =E13+F13+G12 -> -54613.104 | I13: sCD | J13: 219 | K13: =J13*$K$2 -> 51.549096 | L13: =J13-K13 -> 167.4509 | N13: ='11_24'!E111/1000 -> 695.35238
A14: Aralık | B14: ='12_24'!D2 -> 27984.15 | C14: ='12_24'!E2 -> -62202.76 | D14: =B14+C14+D13 -> 36141.996 | E14: ='12_24'!F2 -> 246925.7 | F14: ='12_24'!G2 -> -130909.76 | G14: =E14+F14+G13 -> 61402.836 | I14: sB | J14: 170 | K14: =J14*$K$2 -> 40.01528 | L14: =J14-K14 -> 129.98472 | N14: ='12_24'!E125/1000 -> 674.75338
A15: TPLM | B15: =SUM(B3:B14) -> 1087985.4 | C15: =SUM(C3:C14) -> -1051843.4 | D15: =B15+C15 -> 36141.996 | E15: =SUM(E3:E14) -> 1283640.9 | F15: =SUM(F3:F14) -> -1222238.1 | G15: =E15+F15 -> 61402.836 | J15: =SUM(J3:J14) -> 1733 | K15: =SUM(K4:K14) -> 194.89795 | L15: =SUM(L4:L14) -> 633.10205 | M15: =M10+M8+M6+M5+M3+M7 -> 447.69094
A16: 12 | B16: =B15/A16 -> 90665.446 | C16: =C15/A16 -> -87653.613 | E16: =E15/A16 -> 106970.08 | F16: =F15/A16 -> -101853.18 | G16: =G15/A16 -> 5116.903 | J16: =J15/12 -> 144.41667 | K16: =K15/12 -> 16.241496 | L16: =L15/12 -> 52.758504 | M16: =M15/12 -> 37.307578 | N16: =AVERAGE(N2:N15) -> 804.76922
K17: TPLM | L17: =L15+M15 -> 1080.793
D18: ocak-haziran maaş toplamı | E18: ='01_24'!F27+'02_24'!F14+'02_24'!F25+'03_24'!F19+'04_24'!F41+'05_24'!F22+'06_24'!F19+'06_24'!F31+'04_24'!F15 -> 68505.57 | K18: AYLK | M18: =L17/12 -> 90.066082
D19: temmuz-aralık maaş toplamı | E19: ='07_24'!F30+'08_24'!F25+'09_24'!F19+'10_24'!F29+'11_24'!F34+'12_24'!F22 -> 77935.37
D20: Toplam ;Emekli maaşı | E20: =SUM(E18:E19) -> 146440.94
B21: 44896
B22: 6986.25 | C22: 0.375785 | D22: 0.4925919
B23: =B22*C22 -> 2625.328 | C23: ocak artış % | D23: =B22*D22 -> 3441.3702
B24: =SUM(B22:B23) -> 9611.578 | C24: ocak 23 maaş | D24: =D23+B22 -> 10427.62
C25: =(D27/D24)-1 -> 0.2473009
C26: temmuz artış
C27: temmuz 23 maaş | D27: 13006.38
B30: MAHKEME
C31: DEMİREL ARABULUCULUK
C32: MERDAL TAKİP
B34: FATURA
C35: ELEKTRİK
C36: KREDİ
B37: TZG
C38: ÖLÇÜM
C39: SINIR TESPİTİ
C40: DUVAR VE KAPI YAPIMI
C41: ELEKTRİK-SU ABONE İŞLEMLERİ
C42: ELEKTRİK TESİSAT
B43: BAHÇE
C44: KERESTE
B115: ARALIK | C115: Devir | D115: 2023 | F115: =SUM(F116:F132) -> 698220.3
B116: 45290 | C116: yasemin | F116: 64000
B117: =B116 -> 45290 | C117: umut | F117: 218088
B118: =B117 -> 45290 | C118: İş 789 | F118: 3609.29
B119: =B118 -> 45290 | C119: iş sny | F119: 122.31
B120: =B119 -> 45290 | C120: iş ytrm | F120: 6267.13
B121: =B120 -> 45290 | C121: iş 801 | D121: 40 * 527,212240 | F121: 21088.49
B122: =B121 -> 45290 | C122: iş 808 | D122: 300 * 18,625761 | F122: 5587.73
B123: =B122 -> 45290 | C123: AVPGY | D123: 45295 | E123: -629.36 | F123: 4752.22
B124: =B123 -> 45290 | C124: MEGMT | D124: 45295 | E124: -52.52 | F124: 315.38
B125: =B124 -> 45290 | C125: SURGY | D125: 45295 | E125: -196 | F125: 295.8
B126: =B125 -> 45290 | C126: TABGD | D126: 45295 | E126: -669.7 | F126: 4239.3
B127: =B120 -> 45290 | C127: denizbank | F127: 1000
B128: =B119 -> 45290 | C128: xau iş alış 1987 | D128: 1928.59 | E128: 161 | F128: =E128*D128 -> 310502.99
B129: =B128 -> 45290 | C129: usd iş satış-alış 30,19258 | D129: 29.2927 | E129: 850 | F129: =E129*D129 -> 24898.795
B130: =B129 -> 45290 | C130: eur iş alış 33,0124 | D130: 32.0287 | E130: 100 | F130: =E130*D130 -> 3202.87
B131: =B130 -> 45290 | C131: kasa nakit | F131: 30000
B132: =B131 -> 45290 | C132: nakit | F132: 250
D133: =B115 -> ARALIK | E133: Bakiye | F133: =H33 -> 0
E135: Ay sonu BAKİYE | F135: =SUM(F116:F132) -> 698220.3

Sheet 12_24
F1: GİRİŞ | G1: ÇIKIŞ | H1: BAKİYE
A2: - ARALIK 2024 | C2: TOPLAM | D2: =SUM(D4:D40) -> 27984.15 | E2: =SUM(E4:E41) -> -62202.76 | F2: =SUM(F4:F40) -> 246925.7 | G2: =SUM(G4:G36) -> -130909.76 | H2: =F2+G2 -> 116015.94
H4: =H3+F4+G4 -> 0
A5: 45631 | B5: KK 4876 İşbank | E5: =E76 -> -1797.23 | G5: =E5 -> -1797.23 | H5: =H4+F5+G5 -> -1797.23
A6: 45630 | B6: KK 5165 Denizbank | E6: =E91 -> -9239.03 | G6: =E6 -> -9239.03 | H6: =H5+F6+G6 -> -11036.26
A7: 45630 | B7: Aidat Marmara Royal Site 9/12 | E7: -1500 | G7: -1512.13 | H7: =H6+F7+G7 -> -12548.39
B8: Kira Adem Özen 7/12 Mrmr Ryl A Blok 82 | E8: -17500 | G8: -17500 | H8: =H7+F8+G8 -> -30048.39
B9: Elektrik 9522138254 Sanayi | E9: =E71*-1 -> 0 | H9: =H8+F9+G9 -> -30048.39
H10: =H9+F10+G10 -> -30048.39
A11: 45630 | B11: SANAYI BELEDIYE SAYC UCRETI | C11: 2024 / 3 | D11: dnxkk | E11: -1380 | H11: =H10+F11+G11 -> -30048.39
A12: 45630 | B12: SANAYI BELEDIYE SAYC UCRETI | C12: 2024 / 4 | D12: dnxkk | E12: -1380 | H12: =H11+F12+G12 -> -30048.39
A13: 45630 | B13: BİNA VERGİSİ | D13: dnxkk | E13: -1415 | H13: =H12+F13+G13 -> -30048.39
A14: 45630 | B14: KÜLTÜR VERGİSİ | D14: dnxkk | E14: -141.5 | H14: =H13+F14+G14 -> -30048.39
B15: Nazan Kira ödemesi 12+ | G15: -60000 | H15: =H14+F15+G15 -> -90048.39
B16: umut kiradan | G16: -19000 | H16: =H15+F16+G16 -> -109048.39
B17: snyB Ali Demirel bankadan | F17: 219000 | H17: =H16+F17+G17 -> 109951.61
B18: Doğuş Kira 4/12-2025-26 | F18: 15000 | H18: =H17+F18+G18 -> 124951.61
A19: 45642 | B19: Doğalgaz 800004222954 Kümbet D10 | C19: devlet | E19: -300 | G19: -2035 | H19: =H18+F19+G19 -> 122916.61
A20: 45642 | B20: Doğalgaz 800004222959 Kümbet D09 | C20: devlet | E20: -100 | G20: -40 | H20: =H19+F20+G20 -> 122876.61
A21: 45638 | B21: Doğalgaz Marmara Royal Ablok D:82 | C21: devlet | E21: -150 | G21: -262.37 | H21: =H20+F21+G21 -> 122614.24
A22: 45653 | B22: maaş | D22: 12984.15 | F22: 12925.7 | H22: =H21+F22+G22 -> 135539.94
B23: yasemin | E23: -6500 | G23: -6512 | H23: =H22+F23+G23 -> 129027.94
B24: umut | E24: -6500 | G24: -6512 | H24: =H23+F24+G24 -> 122515.94
B25: Genel Masraf | E25: -6500 | G25: -6500 | H25: =H24+F25+G25 -> 116015.94
H26: =H25+F26+G26 -> 116015.94
H27: =H26+F27+G27 -> 116015.94
B28: Elektrik 5847500300 Kümbet D09 | E28: -400 | H28: =H27+F28+G28 -> 116015.94
B29: Elektrik 8222520300 Kümbet D10 | E29: -500 | H29: =H28+F29+G29 -> 116015.94
A30: 45671 | B30: Doğuş Kira 5/12-2025-26 | D30: 15000 | H30: =H29+F30+G30 -> 116015.94
H31: =H30+F31+G31 -> 116015.94
H32: =H31+F32+G32 -> 116015.94
H33: =H32+F33+G33 -> 116015.94
H34: =H33+F34+G34 -> 116015.94
A36: 45655 | B36: SANAYI BELEDIYE SAYC UCRETI | C36: 2024 / 5 | E36: -1380
A37: 45686 | B37: SANAYI BELEDIYE SAYC UCRETI | C37: 2024 / 6 | E37: -1380
A38: 45716 | B38: SANAYI BELEDIYE SAYC UCRETI | C38: 2024 / 7 | E38: -1380
A39: 45745 | B39: SANAYI BELEDIYE SAYC UCRETI | C39: 2024 / 8 | E39: -1380
A40: 45776 | B40: SANAYI BELEDIYE SAYC UCRETI | C40: 2024 / 9 | E40: -1380
B43: TUSDATA 2023 8/30 8*250 = 2000 ÖDENDİ
B44: TUSDATA 2024 9/30 – 20/30 12*250 = 3000 ÖDENDİ + 250 TL fazla ödeme yapıldı
B45: TUSDATA 2025 21/30 1*8595 = 8595
B46: TUSDATA 2025 22/30-30/30 9*8845 = 79605
B47: TUSDATA TOPLAM 93450
F49: =E55 -> 93450
B50: TUSDATA 2023 aylık ödendi | C50: 8 | D50: 250 | E50: =D50*C50 -> 2000 | F50: =F49-E50 -> 91450 | G50: ÖDENDİ
B51: TUSDATA 2024 aylık ödendi | C51: 2 | D51: 250 | E51: =D51*C51 -> 500 | F51: =F50-E51 -> 90950 | G51: ÖDENDİ
B52: TUSDATA 2024 Toplu ödendi | C52: 11 | D52: 250 | E52: =D52*C52 -> 2750 | F52: =F51-E52 -> 88200 | G52: ÖDENDİ
B53: TUSDATA 2025 | C53: 1 | D53: 8595 | E53: =D53*C53 -> 8595 | F53: =F52-E53 -> 79605 | G53: ÖDENECEK
B54: TUSDATA 2025 | C54: 9 | D54: 8845 | E54: =D54*C54 -> 79605 | F54: =F53-E54 -> 0 | G54: ÖDENECEK
D55: TOPLAM | E55: =SUM(E50:E54) -> 93450
B62: --------------------------------------------------------------------------------------------------------------------------------------------------
A63: KALAN BAKİYELER
A65: 44929 | B65: 9522138254 Sanayi Elektrik | D65: =SUM(D66:D71) -> 0 | E65: =SUM(E66:E71) -> 0
B66: Salih Ant Elektrik
B67: Hurdacı Elektrik
B68: Cihan Elektrik
B69: Merdal
B70: Metin
B71: Hacı Elektrik
B76: İşbank 4876 KK | E76: =SUM(E77:E88) -> -1797.23
A78: 45373 | B78: pazarama 64gb ram umut | C78: 10176.39 | D78: 9– 9 | E78: -1130.71
A79: 45375 | B79: amazon kc200 2tb nvme umut | C79: 5999 | D79: 9– 9 | E79: -666.52
C81: HESAP KESİM
B91: Denizbank 5165 kk | E91: =SUM(E92:E110) -> -9239.03
B94: koctas | E94: -429.88
B95: koton | E95: -654.99
B96: tcross benzn | E96: -1600
B97: mrkt | E97: -125.48
B98: mrkt | E98: -297.45
B99: mrkt | E99: -174
B100: mrkt | E100: -49
B101: mrkt | E101: -29.9
B102: dürümle | E102: -525
B103: mrkt | E103: -257.33
B104: mrkt erenler | E104: -84.95
B105: ödeme | C105: 129000.63
B106: gaz | E106: -500
B107: mrkt erenler | E107: -886.3
B108: mrkt erenler | E108: -99.75
A109: 45606 | B109: tcdd tkt-ist-tkt bsnss | E109: -3525
C111: HESAP KESİM
A125: ARALIKa | B125: Devir | C125: 2024 | E125: =SUM(E126:E148) -> 674753.38
B126: yasemin | E126: 0
B127: umut
B128: pervin 329500-35800 | E128: 293700
B130: İş 1626748 | E130: 21084
B132: İş ytrm 1626748 801 | C132: 40 | D132: 852 | E132: =D132*C132 -> 34080
B133: iş ytrm ALTIN.S1 | C133: 4000 | D133: 31 | E133: =D133*C133 -> 124000 | F133: =SUM(E132:E133) -> 158080
B135: iş ytrm 382789 TTE | C135: 125000 | D135: 0.779716 | E135: =D135*C135 -> 97464.5
B136: iş ytrm 382789 RGYAS | C136: 10 | D136: 103.7 | E136: =D136*C136 -> 1037
B137: iş ytrm 382789 KOTON | C137: 38 | D137: 21.42 | E137: =D137*C137 -> 813.96
B138: iş ytrm 382789 LILAK | C138: 26 | D138: 25.92 | E138: =D138*C138 -> 673.92 | F138: =SUM(E135:E138) -> 99989.38
B139: denizbank
B141: xau iş alış 2867,2 | C141: 2900 | D141: 1 | E141: =D141*C141 -> 2900
B142: xau çeyrek | C142: 4900 | D142: 16 | E142: =D142*C142 -> 78400
B143: xau tam | C143: 19600 | D143: 1 | E143: =D143*C143 -> 19600 | F143: =SUM(E141:E143) -> 100900
B145: USD iş alış 35,4713 | C145: 33.2506
B146: eur iş alış 39,3164 | C146: 36.855
B147: kasa nakit | E147: 0
B148: nakit | E148: 1000
...

Sheet 11_24
F1: GİRİŞ | G1: ÇIKIŞ | H1: BAKİYE
A2: - KASIM 2024 | C2: TOPLAM | D2: =SUM(D4:D38) -> 277984.15 | E2: =SUM(E4:E38) -> -182434.39 | F2: =SUM(F4:F38) -> 212306.38 | G2: =SUM(G4:G38) -> -220559.32 | H2: =F2+G2 -> -8252.94
E4: 0 | H4: =H3+F4+G4 -> 0
E5: 0 | H5: =H4+F5+G5 -> 0
B6: TUSDATA 19/30 | C6: 17-2-24 de toplu ödendi | E6: -250 | H6: =H5+F6+G6 -> 0
A7: 45596 | B7: KK 5165 Denizbank | E7: =E69 -> -129000.63 | G7: -129000.63 | H7: =H6+F7+G7 -> -129000.63
A8: 45597 | B8: Aidat Marmara Royal Site 9/12 | G8: -1512.13 | H8: =H7+F8+G8 -> -130512.76
A9: 45569 | B9: KK 4876 İşbank | E9: =E54 -> -1797.26 | G9: -1797.26 | H9: =H8+F9+G9 -> -132310.02
B10: Elektrik 9522138254 Sanayi | E10: =E49*-1 -> 0 | H10: =H9+F10+G10 -> -132310.02
A11: 45604 | B11: Kira Adem Özen 6/12 Mrmr Ryl A Blok 82 | E11: -17500 | G11: -17500 | H11: =H10+F11+G11 -> -149810.02
A12: 45605 | B12: Doğuş Kira 3/12-2025-26 | F12: 15000 | H12: =H11+F12+G12 -> -134810.02
A13: 45600 | B13: 2240 VODAFONE fatura | G13: -206.3 | H13: =H12+F13+G13 -> -135016.32
B14: Elektrik 5847500300 Kümbet D09 | E14: -400 | H14: =H13+F14+G14 -> -135016.32
B15: Elektrik 8222520300 Kümbet D10 | E15: -500 | H15: =H14+F15+G15 -> -135016.32
A16: 45607 | B16: snyF merdal kipel icra yoluyla avukattan | F16: 148500 | H16: =H15+F16+G16 -> 13483.68
H17: =H16+F17+G17 -> 13483.68
A18: 45617 | B18: Doğalgaz Marmara Royal Ablok D:82 | E18: -150 | G18: -146 | H18: =H17+F18+G18 -> 13337.68
A19: 45614 | B19: Doğalgaz 800004222954 Kümbet D10 | E19: -300 | G19: -850 | H19: =H18+F19+G19 -> 12487.68
A20: 45614 | B20: Doğalgaz 800004222959 Kümbet D09 | E20: -100 | G20: -25 | H20: =H19+F20+G20 -> 12462.68
H21: =H20+F21+G21 -> 12462.68
A22: 45620 | B22: tcross pervinden 7 | F22: 35800 | H22: =H21+F22+G22 -> 48262.68
A23: 45623 | B23: Nazan Kira ödemesi 11 + 8 + 9+ 10 | E23: -10000 | G23: -40000 | H23: =H22+F23+G23 -> 8262.68
A24: 45625 | B24: SANAYI BELEDIYE SAYC UCRETI | C24: 2024 / 4 | E24: -1380 | H24: =H23+F24+G24 -> 8262.68
A25: 45626 | B25: BİNA VERGİSİ | E25: -1415 | H25: =H24+F25+G25 -> 8262.68
A26: 45626 | B26: KÜLTÜR VERGİSİ | E26: -141.5 | H26: =H25+F26+G26 -> 8262.68
H27: =H26+F27+G27 -> 8262.68
B28: yasemin winter | G28: -5000 | H28: =H27+F28+G28 -> 3262.68
B29: yasemin | E29: -6500 | G29: -6511 | H29: =H28+F29+G29 -> -3248.32
B30: umut winter | G30: -5000 | H30: =H29+F30+G30 -> -8248.32
B31: umut | E31: -6500 | G31: -6511 | H31: =H30+F31+G31 -> -14759.32
B32: Genel Masraf | E32: -6500 | G32: -6500 | H32: =H31+F32+G32 -> -21259.32
H33: =H32+F33+G33 -> -21259.32
B34: maaş | D34: 12984.15 | F34: 13006.38 | H34: =H33+F34+G34 -> -8252.94
B35: Doğuş Kira 4/12-2025-26 | D35: 15000 | H35: =H34+F35+G35 -> -8252.94
B36: snyCD | C36: 0.234011 | D36: 250000 | H36: =H35+F36+G36 -> -8252.94
B40: --------------------------------------------------------------------------------------------------------------------------------------------------
A41: KALAN BAKİYELER
A43: 44929 | B43: 9522138254 Sanayi Elektrik | D43: =SUM(D44:D49) -> 0 | E43: =SUM(E44:E49) -> 0
B44: Salih Ant Elektrik
B45: Hurdacı Elektrik
B46: Cihan Elektrik
B47: Merdal
B48: Metin
B49: Hacı Elektrik
B54: İşbank 4876 KK | E54: =SUM(E55:E66) -> -1797.26
A56: 45373 | B56: pazarama 64gb ram umut | C56: 10176.39 | D56: 8– 9 | E56: -1130.71
A57: 45375 | B57: amazon kc200 2tb nvme umut | C57: 5999 | D57: 8 – 9 | E57: -666.55
D59: HESAP KESİM
B69: Denizbank 5165 kk | E69: =SUM(E70:E101) -> -129000.63
A71: 45560 | B71: yasemin okul | E71: -118966.5
B72: yasemin okul | E72: -277.72
B73: BELEDİYE SU ABONESİ | E73: -1398.6
B74: AÖF | E74: -1855
B76: DÖNER TZG | E76: -480
B77: MRKT | E77: -147.8
B78: MRKT | C78: 17.59 | E78: -17.59
B79: PİDE ET | C79: 330 | E79: -330
B80: FIRIN PİDE | C80: -130 | E80: -130
B81: ÖDEME | D81: 71389.3
B82: tvk | E82: -140
B83: PİDE ET | C83: 750 | E83: -750
B84: MRKT | E84: -253.55
B85: balık | E85: -250
B86: lknt tzg | E86: -400
B87: lknt tzg | E87: -100
B88: MRKT | E88: -68.5
B89: MRKT | C89: 43.13 | E89: -43.13
B90: PİDE ET | C90: 235 | E90: -235
B91: FIRIN PİDE | C91: 375 | E91: -375
B92: MRKT | C92: 79.84 | E92: -79.84
B93: PİDE ET | C93: 235 | E93: -235
B94: FIRIN PİDE | C94: 210 | E94: -210
B95: MRKT | E95: -112.3
B96: lknt tzg | E96: -230
B97: MRKT | E97: -187.2
B98: gaz sivas | C98: 1062.9 | E98: -1062.9
B99: su | E99: -240
B100: aksoy 4 ad mil menteşe tzg | E100: -280
B101: FIRIN PİDE | C101: 145 | E101: -145
C102: =SUM(C77:C101) -> 3353.46 | D102: HESAP KESİM
A111: KASIMa | B111: Devir | C111: 2024 | E111: =SUM(E112:E133) -> 695352.38
A112: 45595 | B112: yasemin | E112: 0
A113: =A112 -> 45595 | B113: umut | E113: 0
B114: pervin 365500-36000 | E114: 329500
A115: =A113 -> 45595 | B115: İş 1626748 | E115: 6923
A116: =A113 -> 45595 | B116: İş ytrm 1626748 801 | C116: 40 | D116: 830 | E116: =D116*C116 -> 33200
A117: =A122 -> 45595 | B117: iş ALTIN.S1 | C117: 4000 | D117: 30.96 | E117: =D117*C117 -> 123840
A118: =A115 -> 45595 | B118: iş ytrm 382789 TTE | C118: 125000 | D118: 0.779716 | E118: =D118*C118 -> 97464.5
A119: =A116 -> 45595 | B119: iş ytrm 382789 RGYAS | C119: 10 | D119: 103.7 | E119: =D119*C119 -> 1037
A120: =A119 -> 45595 | B120: iş ytrm 382789 KOTON | C120: 38 | D120: 21.42 | E120: =D120*C120 -> 813.96
A121: =A120 -> 45595 | B121: iş ytrm 382789 LILAK | C121: 26 | D121: 25.92 | E121: =D121*C121 -> 673.92
A122: =A121 -> 45595 | B122: denizbank | E122: =D122*C122 -> 0
E123: =D123*C123 -> 0
A124: =A117 -> 45595 | E124: =D124*C124 -> 0
A125: =A124 -> 45595 | E125: =D125*C125 -> 0
A126: =A125 -> 45595 | B126: xau iş alış 2867,2 | C126: 2900 | D126: 1 | E126: =D126*C126 -> 2900
A127: =A126 -> 45595 | B127: xau çeyrek | C127: 4900 | D127: 16 | E127: =D127*C127 -> 78400
A128: =A127 -> 45595 | B128: xau tam | C128: 19600 | D128: 1 | E128: =D128*C128 -> 19600
A129: =A128 -> 45595
A130: =A126 -> 45595 | B130: USD iş alış 35,4713 | C130: 33.2506 | D130: 0
...

Sheet 10_24
F1: GİRİŞ | G1: ÇIKIŞ | H1: BAKİYE
A2: - EKİM 2024 | C2: TOPLAM | D2: =SUM(D4:D35) -> 27984.15 | E2: =SUM(E4:E35) -> -126233.27 | F2: =SUM(F4:F35) -> 64006.38 | G2: =SUM(G4:G35) -> -123041.59 | H2: =F2+G2 -> -59035.21
H4: =H3+F4+G4 -> 0
B5: TUSDATA 18/30 | C5: 17-2-24 de toplu ödendi | E5: -250 | H5: =H4+F5+G5 -> 0
A6: 45568 | B6: Aidat Marmara Royal Site 9/12 | E6: -1500 | G6: -1513.12 | H6: =H5+F6+G6 -> -1513.12
A7: 45569 | B7: KK 5165 Denizbank | E7: =E66 -> -71389.3 | G7: -71389.3 | H7: =H6+F7+G7 -> -72902.42
A8: 45572 | B8: KK 4876 İşbank | E8: =E51 -> -3066.57 | G8: -3066.57 | H8: =H7+F8+G8 -> -75968.99
B9: Elektrik 9522138254 Sanayi | E9: =E46*-1 -> 0 | G9: 0 | H9: =H8+F9+G9 -> -75968.99
A10: 45573 | B10: Kira Adem Özen 5/12 Mrmr Ryl A Blok 82 | E10: -17500 | G10: -17500 | H10: =H9+F10+G10 -> -93468.99
A11: 45573 | B11: ali demirel keşif için avukata denizbank havale | G11: -7080.3 | H11: =H10+F11+G11 -> -100549.29
A12: 45574 | B12: Doğuş Kira 2/12-2025-26 | C12: bankadan | F12: 15000 | H12: =H11+F12+G12 -> -85549.29
H13: =H12+F13+G13 -> -85549.29
A14: 45580 | B14: tcross pervinden 5 | F14: 30000 | H14: =H13+F14+G14 -> -55549.29
A15: 45595 | B15: Elektrik 5847500300 Kümbet D09 | E15: -400 | G15: -435 | H15: =H14+F15+G15 -> -55984.29
A16: 45595 | B16: Elektrik 8222520300 Kümbet D10 | E16: -500 | G16: -785 | H16: =H15+F16+G16 -> -56769.29
A17: 45579 | B17: Elektrik 8758480300 BAHÇE | G17: -65 | H17: =H16+F17+G17 -> -56834.29
B18: Doğalgaz Marmara Royal Ablok D:82 | C18: devlet | E18: -150 | H18: =H17+F18+G18 -> -56834.29
A19: 45582 | B19: Doğalgaz 800004222954 Kümbet D10 | C19: devlet | E19: -300 | G19: -78 | H19: =H18+F19+G19 -> -56912.29
A20: 45582 | B20: Doğalgaz 800004222959 Kümbet D09 | C20: devlet | E20: -100 | G20: -43 | H20: =H19+F20+G20 -> -56955.29
H21: =H20+F21+G21 -> -56955.29
B22: yasemin okul kk denizbnk -120000 | H22: =H21+F22+G22 -> -56955.29
A23: 45594 | B23: SANAYI BELEDIYE SAYC UCRETI | C23: 2024 / 3 | D23: kk | E23: -1380 | G23: -1380 | H23: =H22+F23+G23 -> -58335.29
A24: 45595 | B24: 2240 vodafon | E24: -197.4 | G24: -206.3 | H24: =H23+F24+G24 -> -58541.59
A25: 45593 | B25: yasemin | E25: -6500 | G25: -6500 | H25: =H24+F25+G25 -> -65041.59
A26: 45593 | B26: umut | E26: -6500 | G26: -6500 | H26: =H25+F26+G26 -> -71541.59
B27: Genel Masraf | E27: -6500 | G27: -6500 | H27: =H26+F27+G27 -> -78041.59
H28: =H27+F28+G28 -> -78041.59
A29: 45592 | B29: maaş | D29: 12984.15 | F29: 13006.38 | H29: =H28+F29+G29 -> -65035.21
A30: 45590 | B30: tcross pervinden 6 | F30: 6000 | H30: =H29+F30+G30 -> -59035.21
B31: Doğuş Kira 3/12-2025-26 | D31: 15000 | H31: =H30+F31+G31 -> -59035.21
H32: =H31+F32+G32 -> -59035.21
B33: snyA 120000 | C33: 0.234011 | H33: =H32+F33+G33 -> -59035.21
B34: Nazan Kira ödemesi | E34: -10000
B37: --------------------------------------------------------------------------------------------------------------------------------------------------
A38: KALAN BAKİYELER
A40: 44929 | B40: 9522138254 Sanayi Elektrik | D40: =SUM(D41:D46) -> 0 | E40: =SUM(E41:E46) -> 0
B41: Salih Ant Elektrik
B42: Hurdacı Elektrik
B43: Cihan Elektrik
B44: Merdal
B45: Metin
B46: Hacı Elektrik
B51: İşbank 4876 KK | E51: =SUM(E52:E63) -> -3066.57
A53: 45373 | B53: pazarama 64gb ram umut | C53: 10176.39 | D53: 7 – 9 | E53: -1130.71
A54: 45375 | B54: amazon kc200 2tb nvme umut | C54: 5999 | D54: 7 – 9 | E54: -666.56
B55: pazarama umut cam teli | E55: -363.83
B56: mtv yb 1397 | E56: -905.47
B57: ödeme | C57: 8037.9
D58: HESAP KESİM
B66: Denizbank 5165 kk | E66: =SUM(E67:E104) -> -71389.3
B68: belediye | E68: -3177.5
E69: -56373.38
E70: -256.59
B72: shell tcross | E72: -1500
B73: kanlıca yğrt | E73: -385
B74: fucicort | E74: -195
B75: 322.04 | E75: -322.04
B76: şile yemek | E76: -1865
B77: park | E77: -80
B78: şok | E78: -19.5
B79: migros farilya | E79: -706.97
B80: lc | E80: -299.99
B81: opet tcross | E81: -1620
B82: migros emaar | E82: -66.7
B83: yedigöller | E83: -45
B84: erenler | C84: 69 | E84: -69.66
B85: kasap | C85: 250 | E85: -250
B86: tat pide | C86: 145 | E86: -145
B87: erenler | C87: 80 | E87: -79.58
B88: kasap | C88: 300 | E88: -300
B89: ödeme | D89: 21576.4
B90: erenler | C90: 50 | E90: -49.3
B91: vedat | E91: -190
B92: erenler | E92: -375.55
B93: kasap | C93: 260 | E93: -260
B94: erenler | C94: 65.79 | E94: -65.79
B95: kasap | C95: 330 | E95: -330
B96: tat pide | C96: 225 | E96: -225
B97: Pazar döner | E97: -410
B98: a101 | E98: -27.25
B99: 2 ad metal kesme | E99: -70
B100: 2 tr çimento tzg | E100: -350
B101: vedat | E101: -420
B102: adıgüzeller | E102: -154.5
B103: vedat | E103: -290
B104: kasap | C104: 415 | E104: -415
B105: selanik pide | C105: =SUM(C81:C104) -> 2189.79
D106: HESAP KESİM
A111: EKİMe | B111: Devir | C111: 2024 | E111: =SUM(E112:E133) -> 726058.6
A112: 45565 | B112: yasemin | E112: 0
A113: =A112 -> 45565 | B113: umut | E113: 0
B114: pervin 401500-36000 | E114: 365500
A115: =A113 -> 45565 | B115: İş 1626748 | E115: 1492
A116: =A113 -> 45565 | B116: İş ytrm 1626748 801 | C116: 40 | D116: 852 | E116: =D116*C116 -> 34080
A117: =A122 -> 45565 | B117: iş ALTIN.S1 | C117: 30.96 | D117: 4000 | E117: =D117*C117 -> 123840
A118: =A115 -> 45565 | B118: iş ytrm 382789 TTE | C118: 125000 | D118: 0.773 | E118: =D118*C118 -> 96625
A119: =A116 -> 45565 | B119: iş ytrm 382789 RGYAS | C119: 10 | D119: 124.8 | E119: =D119*C119 -> 1248
A120: =A119 -> 45565 | B120: iş ytrm 382789 KOTON | C120: 38 | D120: 19.22 | E120: =D120*C120 -> 730.36
A121: =A120 -> 45565 | B121: iş ytrm 382789 LILAK | C121: 26 | D121: 24.74 | E121: =D121*C121 -> 643.24
A122: =A121 -> 45565 | B122: denizbank | E122: =D122*C122 -> 0
...

Sheet 09_24
F1: GİRİŞ | G1: ÇIKIŞ | H1: BAKİYE
A2: - EYLÜL 2024 | C2: TOPLAM | D2: =SUM(D4:D28) -> 36484.15 | E2: =SUM(E4:E28) -> -81364.9 | F2: =SUM(F4:F28) -> 98006.38 | G2: =SUM(G4:G28) -> -69863.54 | H2: =F2+G2 -> 28142.84
A4: 45534 | B4: 2240 Turkcell fatura | E4: -152 | G4: -162.11 | H4: =H3+F4+G4 -> -162.11
B5: TUSDATA 17/30 | C5: 17-2-24 de toplu ödendi | E5: -250 | H5: =H4+F5+G5 -> -162.11
A6: 45538 | B6: KK 5165 Denizbank | E6: =E61 -> -21576.4 | G6: =E6 -> -21576.4 | H6: =H5+F6+G6 -> -21738.51
A7: 45539 | B7: KK 4876 İşbank | E7: =E46 -> -8037.9 | G7: =E7 -> -8037.9 | H7: =H6+F7+G7 -> -29776.41
B8: Aidat Marmara Royal Site 9/12 | E8: -1500 | G8: -1514.73 | H8: =H7+F8+G8 -> -31291.14
B9: Kira Adem Özen 4/12 Mrmr Ryl A Blok 82 | E9: -17500 | G9: -17500 | H9: =H8+F9+G9 -> -48791.14
B10: Elektrik 9522138254 Sanayi | E10: =E41*-1 -> 0 | G10: -5 | H10: =H9+F10+G10 -> -48796.14
A11: 45544 | B11: Doğuş Kira 1/12-2025-26 | C11: BANKADAN | F11: 15000 | H11: =H10+F11+G11 -> -33796.14
A12: 45551 | B12: Doğalgaz 800004222954 Kümbet D10 | C12: devlet | E12: -300 | G12: -76 | H12: =H11+F12+G12 -> -33872.14
A13: 45551 | B13: Doğalgaz 800004222959 Kümbet D09 | C13: devlet | E13: -100 | G13: -34 | H13: =H12+F13+G13 -> -33906.14
A14: 45552 | B14: yasemin 2 maaş 17000*2 | F14: 34000 | H14: =H13+F14+G14 -> 93.86
A15: 45550 | B15: tcross pervinden 3 | F15: 30000 | H15: =H14+F15+G15 -> 30093.86
B16: yasemin | E16: -6500 | G16: -6500 | H16: =H15+F16+G16 -> 23593.86
B17: umut | E17: -6500 | G17: -6500 | H17: =H16+F17+G17 -> 17093.86
B18: Genel Masraf | E18: -6500 | G18: -6500 | H18: =H17+F18+G18 -> 10593.86
B19: maaş | D19: 12984.15 | F19: 13006.38 | H19: =H18+F19+G19 -> 23600.24
B20: Elektrik 5847500300 Kümbet D09 | E20: -400 | G20: -455 | H20: =H19+F20+G20 -> 23145.24
A21: 45565 | B21: Elektrik 8222520300 Kümbet D10 | E21: -500 | G21: -805 | H21: =H20+F21+G21 -> 22340.24
A22: 45564 | B22: SANAYI BELEDIYE SAYC UCRETI | C22: 2024 / 2 | D22: deniz kk | E22: -1398.6 | H22: =H21+F22+G22 -> 22340.24
A23: 45564 | B23: tcross pervinden 4 | F23: 6000 | H23: =H22+F23+G23 -> 28340.24
A24: 45565 | B24: 2240 vodafone | G24: -197.4 | H24: =H23+F24+G24 -> 28142.84
B25: Doğuş Kira 7/12-2024-25 15000 - 6500 (07/03) 29-Şubattan | D25: 8500 | H25: =H24+F25+G25 -> 28142.84
A26: 45574 | B26: Doğuş Kira 2/12-2025-26 | D26: 15000 | H26: =H25+F26+G26 -> 28142.84
B27: Nazan Kira ödemesi | E27: -10000 | H27: =H26+F27+G27 -> 28142.84
B28: Doğalgaz Marmara Royal Ablok D:82 | C28: devlet | E28: -150 | H28: =H27+F28+G28 -> 28142.84
A29: 45574 | B29: t-cross kurban sinana | G29: -10000 | H29: =H28+F29+G29 -> 18142.84
B30: snyG | C30: 0.234011 | D30: 144000 | H30: =H29+F30+G30 -> 18142.84
B32: --------------------------------------------------------------------------------------------------------------------------------------------------
A33: KALAN BAKİYELER
A35: 44929 | B35: 9522138254 Sanayi Elektrik | D35: =SUM(D36:D41) -> 0 | E35: =SUM(E36:E41) -> 0
B36: Salih Ant Elektrik
B37: Hurdacı Elektrik
B38: Cihan Elektrik
B39: Merdal
B40: Metin
B41: Hacı Elektrik
B46: İşbank 4876 KK | E46: =SUM(E47:E58) -> -8037.9
A48: 45348 | B48: Atasun Gözlük | C48: 1406 | D48: 6 – 6 | E48: -234.35
A49: 45373 | B49: pazarama 64gb ram umut | C49: 10176.39 | D49: 6– 9 | E49: -1130.71
A50: 45375 | B50: amazon kc200 2tb nvme umut | C50: 5999 | D50: 6– 9 | E50: -666.56
A51: 45358 | B51: THY ist uçak bileti | C51: 2273 | D51: 6 – 6 | E51: -378.87
A52: 45371 | B52: THY ist uçak bileti iptal vergi iade | D52: 6 – 6 | E52: 101.79
A53: 45456 | B53: kurban kızılay | D53: 3 / 3 | E53: -3923.34
B55: ödeme | C55: 8154.2
B56: gib | E56: -1805.86
C57: HESAP KESİM
B61: Denizbank 5165 kk | E61: =SUM(E62:E70) -> -21576.4
E63: -21576.4
C64: HESAP KESİM
A101: EYLÜLe | B101: Devir | C101: 2024 | E101: =SUM(E102:E123) -> 749196.6
A102: 45534 | B102: yasemin | E102: 0
A103: =A102 -> 45534 | B103: umut | E103: 0
B104: pervin 438-35600 | E104: 407100
A105: =A103 -> 45534 | B105: İş 1626748 | E105: 5105.23
A106: =A103 -> 45534 | B106: İş ytrm 1626748 801 | C106: 40 | D106: 732.60648 | E106: =D106*C106 -> 29304.259
A107: =A112 -> 45534 | B107: iş ALTIN.S1 | C107: 28.5 | D107: 4000 | E107: =D107*C107 -> 114000
A108: =A105 -> 45534 | B108: iş ytrm 382789 TTE | C108: 125000 | D108: 0.779716 | E108: =D108*C108 -> 97464.5
A109: =A106 -> 45534 | B109: iş ytrm 382789 RGYAS | C109: 10 | D109: 103.7 | E109: =D109*C109 -> 1037
A110: =A109 -> 45534 | B110: iş ytrm 382789 KOTON | C110: 38 | D110: 21.42 | E110: =D110*C110 -> 813.96
A111: =A110 -> 45534 | B111: iş ytrm 382789 LILAK | C111: 26 | D111: 25.92 | E111: =D111*C111 -> 673.92
A112: =A111 -> 45534 | B112: denizbank | E112: =D112*C112 -> 0
E113: =D113*C113 -> 0
A114: =A107 -> 45534 | E114: =D114*C114 -> 0
A115: =A114 -> 45534 | E115: =D115*C115 -> 0
A116: =A115 -> 45534 | B116: xau iş alış 2867,2 | C116: 2697.73 | D116: 1 | E116: =D116*C116 -> 2697.73
A117: =A116 -> 45534 | B117: xau çeyrek | C117: 4500 | D117: 16 | E117: =D117*C117 -> 72000
A118: =A117 -> 45534 | B118: xau tam | C118: 18000 | D118: 1 | E118: =D118*C118 -> 18000
A119: =A118 -> 45534
A120: =A116 -> 45534 | B120: USD iş alış 35,4713 | C120: 33.2506
A121: =A120 -> 45534 | B121: eur iş alış 39,3164 | C121: 36.855
A122: =A121 -> 45534 | B122: kasa nakit | E122: 0
A123: =A122 -> 45534 | B123: nakit | E123: 1000
D126: Ay sonu BAKİYE | E126: =SUM(E102:E123) -> 749196.6
C127: =A101 -> EYLÜLe | D127: Bakiye | E127: =H2 -> 28142.84

Sheet 08_24
F1: GİRİŞ | G1: ÇIKIŞ | H1: BAKİYE
A2: - AĞUSTOS 2024 | C2: TOPLAM | D2: =SUM(D4:D46) -> 195484.15 | E2: =SUM(E4:E46) -> -88440.67 | F2: =SUM(F4:F47) -> 28006.38 | G2: =SUM(G4:G47) -> -88381.87 | H2: =F2+G2 -> -60375.49
A4: 45500 | B4: 2240 Turkcell fatura | C4: iş | E4: -152 | G4: -166.9 | H4: =H3+F4+G4 -> -166.9
B5: TUSDATA 16/30 | C5: 17-2-24 de toplu ödendi | E5: -250 | H5: =H4+F5+G5 -> -166.9
A6: 45509 | B6: Aidat Marmara Royal Site 9/12 | E6: -1500 | G6: -1532.3 | H6: =H5+F6+G6 -> -1699.2
A7: 45509 | B7: KK 4876 İşbank | E7: =E63 -> -8154.2 | G7: -8154.2 | H7: =H6+F7+G7 -> -9853.4
A8: 45509 | B8: KK 5165 Denizbank | E8: =E78 -> -21980.09 | G8: -21980.09 | H8: =H7+F8+G8 -> -31833.49
B9: umut s24 | G9: -10000 | H9: =H8+F9+G9 -> -41833.49
H10: =H9+F10+G10 -> -41833.49
A11: 45510 | B11: Doğuş Kira 12/12- Mart 2024- Mart 25 Ödenmiş oldu | D11: 15000 | F11: 15000 | H11: =H10+F11+G11 -> -26833.49
A12: 45511 | B12: Kira Adem Özen 3/12 Mrmr Ryl A Blok 82 | E12: -17500 | G12: -17500 | H12: =H11+F12+G12 -> -44333.49
B13: Elektrik 9522138254 Sanayi | E13: =E58*-1 -> 0 | G13: -50 | H13: =H12+F13+G13 -> -44383.49
A14: 45519 | B14: tcross pervinden 1 - 30000 | H14: =H13+F14+G14 -> -44383.49
A15: 45520 | B15: Elektrik 8758480300 Bahçe | G15: -95 | H15: =H14+F15+G15 -> -44478.49
A16: 45523 | B16: Doğalgaz 800004222954 Kümbet D10 | C16: devlet | E16: -300 | G16: -56 | H16: =H15+F16+G16 -> -44534.49
A17: 45523 | B17: Doğalgaz 800004222959 Kümbet D09 | C17: devlet | E17: -100 | G17: -28 | H17: =H16+F17+G17 -> -44562.49
A18: 45533 | B18: Elektrik 5847500300 Kümbet D09 | E18: -400 | G18: -500 | H18: =H17+F18+G18 -> -45062.49
A19: 45533 | B19: Elektrik 8222520300 Kümbet D10 | E19: -500 | G19: -865 | H19: =H18+F19+G19 -> -45927.49
B20: yasemin | H20: =H19+F20+G20 -> -45927.49
B21: yasemin | E21: -6500 | G21: -6500 | H21: =H20+F21+G21 -> -52427.49
B22: umut | E22: -6500 | G22: -6500 | H22: =H21+F22+G22 -> -58927.49
B23: Genel Masraf | E23: -6500 | G23: -6500 | H23: =H22+F23+G23 -> -65427.49
H24: =H23+F24+G24 -> -65427.49
B25: maaş | D25: 12984.15 | F25: 13006.38 | H25: =H24+F25+G25 -> -52421.11
H26: =H25+F26+G26 -> -52421.11
H27: =H26+F27+G27 -> -52421.11
A28: 45531 | B28: 3074 usulsuzluk 2024071001FCp0000016 | D28: ali balcı | E28: -750 | G28: =E28 -> -750 | H28: =H27+F28+G28 -> -53171.11
A29: 45531 | B29: 3074 usulsuzluk 2024071001FCp0000017 | D29: ali balcı | E29: -2137.5 | G29: =E29 -> -2137.5 | H29: =H28+F29+G29 -> -55308.61
A30: 45531 | B30: 3074 usulsuzluk 2024071001FCp0000018 | D30: ali balcı | E30: -925 | G30: =E30 -> -925 | H30: =H29+F30+G30 -> -56233.61
A31: 45531 | B31: 3074 usulsuzluk 2024071001FCp0000019 | D31: ali balcı | E31: -625 | G31: =E31 -> -625 | H31: =H30+F31+G31 -> -56858.61
A32: 45531 | B32: 3074 usulsuzluk 2024071001FCp0000020 | D32: ali balcı | E32: -1075 | G32: =E32 -> -1075 | H32: =H31+F32+G32 -> -57933.61
A33: 45531 | B33: 3074 usulsuzluk 2024071001FCp0000021 | D33: ali balcı | E33: -1825 | G33: =E33 -> -1825 | H33: =H32+F33+G33 -> -59758.61
H34: =H33+F34+G34 -> -59758.61
A35: 45531 | B35: 3074 DV 2024071001FCp0000022 | C35: ali balcı | D35: 19-09 ödeme | E35: -136.08 | G35: -136.08 | H35: =H34+F35+G35 -> -59894.69
A36: 45531 | B36: 3074 DV 2024071001FCp0000023 | C36: ali balcı | D36: 19-09 ödeme | E36: -258.61 | G36: -258.61 | H36: =H35+F36+G36 -> -60153.3
A37: 45531 | B37: 3074 DV 2024071001FCp0000024 | C37: ali balcı | D37: 19-09 ödeme | E37: -119.07 | G37: -119.07 | H37: =H36+F37+G37 -> -60272.37
A38: 45531 | B38: 3074 DV 2024071901FCp0000005 | C38: ali balcı | D38: 19-09 ödeme | E38: -103.12 | G38: -103.12 | H38: =H37+F38+G38 -> -60375.49
H39: =H38+F39+G39 -> -60375.49
A40: 45535 | B40: tcross pervinden 2 -5600 | H40: =H39+F40+G40 -> -60375.49
H41: =H40+F41+G41 -> -60375.49
B42: Doğuş Kira 1/12-2025-26 | D42: 15000 | H42: =H41+F42+G42 -> -60375.49
B43: Doğuş Kira 7/12-2024-25 15000 - 6500 (07/03) 29-Şubattan | D43: 8500 | H43: =H42+F43+G43 -> -60375.49
B44: Nazan Kira ödemesi | E44: -10000 | H44: =H43+F44+G44 -> -60375.49
B45: snyE süleymana 22-04-2024 de verildi | C45: 0.234011 | D45: 144000 | H45: =H44+F45+G45 -> -60375.49
B46: Doğalgaz Marmara Royal Ablok D:82 | C46: devlet | E46: -150 | H46: =H45+F46+G46 -> -60375.49
H47: =H46+F47+G47 -> -60375.49
B49: --------------------------------------------------------------------------------------------------------------------------------------------------
A50: KALAN BAKİYELER
A52: 44929 | B52: 9522138254 Sanayi Elektrik | D52: =SUM(D53:D58) -> 0 | E52: =SUM(E53:E58) -> 0
B53: Salih Ant Elektrik
B54: Hurdacı Elektrik
B55: Cihan Elektrik
B56: Merdal
B57: Metin
B58: Hacı Elektrik
B63: İşbank 4876 KK | E63: =SUM(E64:E75) -> -8154.2
A65: 45348 | B65: Atasun Gözlük | C65: 1406 | D65: 5 – 6 | E65: -234.33 | F65: 0
A66: 45373 | B66: pazarama 64gb ram umut | C66: 10176.39 | D66: 5– 9 | E66: -1130.71 | F66: 0
A67: 45375 | B67: amazon kc200 2tb nvme umut | C67: 5999 | D67: 5– 9 | E67: -666.56 | F67: 0
A68: 45358 | B68: THY ist uçak bileti | C68: 2273 | D68: 5 – 6 | E68: -378.87 | F68: 0
A69: 45371 | B69: THY ist uçak bileti iptal vergi iade | D69: 5 – 6 | E69: 101.77 | F69: 0
A70: 45442 | B70: bosch matkap 500maxipuan | D70: 2 / 2 | E70: -1054.14 | F70: 0
A71: 45456 | B71: kurban kızılay | D71: 2 / 3 | E71: -3923.33 | F71: 0
A72: 45470 | B72: vergi dairesi | E72: -868.03
A73: 45478 | B73: ödeme | D73: 2700.47
A74: 45478 | B74: ödeme | D74: 6244.07 | E74: HESAP KESİM
B78: Denizbank 5165 kk | E78: =SUM(E79:E121) -> -21980.09
B80: turknet 12ay 17-02-24 * 17-02-25 399,99 *12 + 299,99 | D80: 6 - 6 | E80: -649.8
B81: turknet 1. ay karttan iade | C81: 50 | D81: 6 - 6
A83: 45456 | B83: Kızılay kurban 11750/2 | D83: 2 / 2 | E83: -5875
A84: 45456 | B84: Kızılay kurban 4300*2 = 8600/2 | D84: 2 / 2 | E84: -4300
A85: 45475 | B85: vergi ankara | E85: -1129.5
A86: 45478 | B86: yaz okulu | E86: -1060
A88: 45467 | B88: pide et | C88: 120 | E88: -120
A89: 45467 | B89: tavk dnr | E89: -70
A90: 45467 | B90: motor yağı | E90: -1400
A91: 45468 | B91: pide et | C91: 150 | E91: -150
A92: 45468 | B92: tat dnr | E92: -230
A93: 45469 | B93: pide et | C93: 250 | E93: -250
A94: 45470 | B94: ozcan iskndr | E94: -130
A95: 45470 | B95: a101 | E95: -48.99
A96: 45470 | B96: petrol | E96: -169.5
A97: 45471 | B97: mercmk | E97: -80
A98: 45473 | B98: mrkt | E98: -50
A99: 45474 | B99: tavk dnr | E99: -70
A100: 45475 | B100: pide et | C100: 440 | E100: -440
A101: 45475 | B101: noter suleyman akan | E101: -1673
A102: 45475 | B102: ozcan iskndr | E102: -150
A103: 45476 | B103: tavk dnr | E103: -140
A104: 45477 | B104: oödeme otomtk | C104: 10597.81
A105: 45478 | B105: sofra bezi | E105: -300
A106: 45478 | B106: ödeme | C106: 15971.71
A107: 45479 | B107: bim yağ | E107: -325
A108: 45479 | B108: ceviz | E108: -629
B109: cevizli yapım | E109: -800
E110: -119.74
E111: -215.98
E112: -104
E113: -81.37
E114: -65.67
...

Sheet 07_24
F1: GİRİŞ | G1: ÇIKIŞ | H1: BAKİYE
A2: - TEMMUZ 2024 | C2: TOPLAM | D2: =SUM(D4:D39) -> 51000 | E2: =SUM(E4:E39) -> -85166.06 | F2: =SUM(F4:F39) -> 27984.15 | G2: =SUM(G4:G39) -> -87971.62 | H2: =F2+G2 -> -59987.47
A4: 45468 | B4: 2240 Turkcell fatura | E4: -152 | G4: -167 | H4: =H3+F4+G4 -> -167
H5: =H4+F5+G5 -> -167
A6: 45474 | B6: Elektrik 5847500300 Kümbet D09 | E6: -400 | G6: -275 | H6: =H5+F6+G6 -> -442
A7: 45474 | B7: Elektrik 8222520300 Kümbet D10 | E7: -500 | G7: -520 | H7: =H6+F7+G7 -> -962
B8: TUSDATA 15/30 | C8: 17-2-24 de toplu ödendi | E8: -250 | H8: =H7+F8+G8 -> -962
A9: 45478 | B9: KK 4876 İşbank | E9: =E55 -> -8944.54 | G9: =E9 -> -8944.54 | H9: =H8+F9+G9 -> -9906.54
A10: 45478 | B10: KK 5165 Denizbank | E10: =E72 -> -26619.52 | G10: =E10 -> -26619.52 | H10: =H9+F10+G10 -> -36526.06
A11: 45481 | B11: Doğuş Kira 11/12-2024-25 | D11: 15000 | F11: 15000 | H11: =H10+F11+G11 -> -21526.06
A12: 45481 | B12: Kira Adem Özen 2/12 Mrmr Ryl A Blok 82 | E12: -17500 | G12: -17500 | H12: =H11+F12+G12 -> -39026.06
A13: 45481 | B13: Aidat Marmara Royal Site 9/12 | E13: -1500 | G13: -1519.7 | H13: =H12+F13+G13 -> -40545.76
B14: Doğalgaz Marmara Royal Ablok D:82 | C14: devlet | E14: -150 | H14: =H13+F14+G14 -> -40545.76
A15: 45481 | B15: Nazan Kira ödemesi | E15: -10000 | G15: -10000 | H15: =H14+F15+G15 -> -50545.76
H16: =H15+F16+G16 -> -50545.76
H17: =H16+F17+G17 -> -50545.76
H18: =H17+F18+G18 -> -50545.76
A19: 45489 | B19: Doğalgaz 800004222954 Kümbet D10 | C19: devlet | E19: -300 | G19: -33 | H19: =H18+F19+G19 -> -50578.76
A20: 45489 | B20: Doğalgaz 800004222959 Kümbet D09 | C20: devlet | E20: -100 | G20: -27 | H20: =H19+F20+G20 -> -50605.76
H21: =H20+F21+G21 -> -50605.76
B22: Elektrik 9522138254 Sanayi | E22: =F50*-1 -> 0 | H22: =H21+F22+G22 -> -50605.76
H23: =H22+F23+G23 -> -50605.76
H24: =H23+F24+G24 -> -50605.76
H25: =H24+F25+G25 -> -50605.76
A26: 45500 | B26: yasemin | E26: -6250 | G26: -6500 | H26: =H25+F26+G26 -> -57105.76
A27: 45500 | B27: umut | E27: -6250 | G27: -6500 | H27: =H26+F27+G27 -> -63605.76
B28: Genel Masraf | E28: -6250 | G28: -6500 | H28: =H27+F28+G28 -> -70105.76
H29: =H28+F29+G29 -> -70105.76
B30: maaş | D30: 12500 | F30: 12984.15 | H30: =H29+F30+G30 -> -57121.61
H31: =H30+F31+G31 -> -57121.61
B32: Doğuş Kira 7/12-2024-25 15000 - 6500 (07/03) 29-Şubattan | D32: 8500 | H32: =H31+F32+G32 -> -57121.61
B33: Doğuş Kira 12/12- Mart 2024- Mart 25 Ödenmiş oldu | D33: 15000 | H33: =H32+F33+G33 -> -57121.61
A34: 45502 | B34: Elektrik 5847500300 Kümbet D09 | G34: -350 | H34: =H33+F34+G34 -> -57471.61
A35: 45502 | B35: Elektrik 8222520300 Kümbet D10 | G35: -710 | H35: =H34+F35+G35 -> -58181.61
A36: 45504 | B36: AUB YGV 2.taksit | G36: -1805.86 | H36: =H35+F36+G36 -> -59987.47
H37: =H36+F37+G37 -> -59987.47
H38: =H37+F38+G38 -> -59987.47
B41: --------------------------------------------------------------------------------------------------------------------------------------------------
A42: KALAN BAKİYELER
A44: 44929 | B44: 9522138254 Sanayi Elektrik | D44: =SUM(D45:D50) -> 0 | E44: =SUM(E45:E51) -> 0
B45: Salih Ant Elektrik
B46: Hurdacı Elektrik
B47: Cihan Elektrik
B48: Merdal | D48: hepsi
B49: Metin | D49: ödendi
B50: Hacı Elektrik
B55: İşbank 4876 KK | E55: =SUM(E56:E68) -> -8944.54
A57: 45348 | B57: Atasun Gözlük | C57: 1406 | D57: 4 – 6 | E57: -234.33
A58: 45373 | B58: pazarama 64gb ram umut | C58: 10176.39 | D58: 4– 9 | E58: -1130.71
A59: 45375 | B59: amazon kc200 2tb nvme umut | C59: 5999 | D59: 4– 9 | E59: -666.56
A60: 45358 | B60: THY ist uçak bileti | C60: 2273 | D60: 4 – 6 | E60: -378.87
A61: 45371 | B61: THY ist uçak bileti iptal vergi iade | D61: 4 – 6 | E61: 101.77
A63: 45442 | B63: bosch matkap 500maxipuan | D63: 1 / 2 | E63: -1054.14
A64: 45456 | B64: kurban kızılay | D64: 1 / 3 | E64: -3923.33
A65: 45442 | B65: vergi | E65: -278.97
A67: 45444 | B67: avans maximil | E67: -1379.4
A68: 45447 | B68: ödeme | D68: 4300 | E68: HESAP KESİM
B72: Denizbank 5165 kk | E72: =SUM(E73:E130) -> -26619.52
A74: 45285 | B74: hepsiburada yasemin laptop - 21,309,98 | D74: 6 – 6 | E74: -3551.68
B75: turknet 12ay 17-02-24 * 17-02-25 399,99 *12 + 299,99 | D75: 5 - 6 | E75: -649.78
B76: turknet 1. ay karttan iade | D76: 5 - 6
A78: 45456 | B78: Kızılay kurban 11750/2 | D78: 1 / 2 | E78: -5875
A79: 45456 | B79: Kızılay kurban 4300*2 = 8600/2 | D79: 1 / 2 | E79: -4300
A80: 45465 | B80: vergi | E80: -483.01
A81: 45436 | B81: yemek | E81: -80
A82: 45436 | B82: ulusu mak eksoz için | E82: -1000
A83: 45437 | B83: tavukçu | E83: -70
A84: 45438 | B84: erenler | E84: -232.27
A85: 45438 | B85: sivas döner | E85: -130
A86: 45469 | B86: sivas market | E86: -246.8
A87: 45439 | B87: tavukçu | E87: -70
A88: 45440 | B88: pide et | C88: 300 | E88: -300
A89: 45440 | B89: tat lok | E89: -460
A90: 45441 | B90: erenler | E90: -27.66
A91: 45441 | B91: pide et | C91: 400 | E91: -400
A92: 45442 | B92: pide et | C92: 200 | E92: -200
A93: 45442 | B93: inş | E93: -80
A94: 45444 | B94: çorba | E94: -80
A95: 45444 | B95: erenler | E95: -12.26
A96: 45444 | B96: pide et | C96: 350 | E96: -350
A97: 45444 | B97: çalışkan fide | E97: -300
A98: 45446 | B98: benzin | E98: -500
A99: 45446 | B99: tavukçu | E99: -70
A100: 45446 | B100: ödeme | D100: 7949.1
A101: 45447 | B101: pide et | C101: 240 | E101: -240
A102: 45447 | B102: tavukçu | E102: -70
A103: 45447 | B103: ödeme | D103: 11998.63
A104: 45448 | B104: pide et | C104: 280 | E104: -280
A105: 45448 | B105: bonus
A106: 45449 | B106: pide et | C106: 300 | E106: -300
A107: 45449 | B107: erenler | E107: -84.7
A108: 45450 | B108: pide et | C108: 300 | E108: -300
A109: 45450 | B109: çorba | E109: -80
A110: 45451 | B110: pide et | C110: 250 | E110: -250
A111: 45451 | B111: tavukçu | E111: -145
A112: 45454 | B112: pide et | C112: 400 | E112: -400
A113: 45455 | B113: örükçüoğlu toyota kapak contası | E113: -300
A114: 45456 | B114: pide et | C114: 300 | E114: -300
A115: 45456 | B115: tavukçu | E115: -70
A116: 45459 | B116: çorba | E116: -80
...

Sheet 06_24
F1: GİRİŞ | G1: ÇIKIŞ | H1: BAKİYE
A2: - HAZİRAN 2024 | C2: TOPLAM | D2: =SUM(D4:D36) -> 33500 | E2: =SUM(E4:E36) -> -77377.564 | F2: =SUM(F4:F36) -> 13427.62 | G2: =SUM(G4:G36) -> -97778.154 | H2: =F2+G2 -> -84350.534
A4: 29.5 | B4: 2240 Turkcell fatura | E4: -152 | G4: -166.9 | H4: =H3+F4+G4 -> -166.9
B5: TUSDATA 14/30 | C5: 17-2-24 de toplu ödendi | E5: -250 | G5: =E5 -> -250 | H5: =H4+F5+G5 -> -416.9
A6: 29.5 | B6: Doğalgaz Marmara Royal Ablok D:82 | C6: devlet | E6: -150 | G6: -47.4 | H6: =H5+F6+G6 -> -464.3
A7: 45446 | B7: KK 5165 Denizbank | E7: =E65 -> -19997.71 | G7: =E7 -> -19997.71 | H7: =H6+F7+G7 -> -20462.01
A8: 45446 | B8: KK 5165 Denizbank artı hesaptan | G8: -7860.53 | H8: =H7+F8+G8 -> -28322.54
A9: 45447 | B9: KK 5165 Denizbank nakit ödeme | G9: -11998.63 | H9: =H8+F9+G9 -> -40321.17
A10: 45447 | B10: KK 4876 İşbank | E10: =E50 -> -4300.09 | G10: -4300.09 | H10: =H9+F10+G10 -> -44621.26
A11: 45447 | B11: KK 4876 İşbank EUR BAKU 35,5039 | C11: 227.87 | E11: =-1*C11*C12 -> -8090.2737 | G11: =E11 -> -8090.2737 | H11: =H10+F11+G11 -> -52711.534
A12: 45447 | B12: KK 4876 İşbank EUR BAKU | C12: 35.5039 | H12: =H11+F12+G12 -> -52711.534
A13: 45447 | B13: Aidat Marmara Royal Site 1/12 | E13: -1500 | G13: -1512.13 | H13: =H12+F13+G13 -> -54223.664
A14: 45450 | B14: Nazan Kira ödemesi | E14: -10000 | G14: =E14 -> -10000 | H14: =H13+F14+G14 -> -64223.664
A15: 45450 | B15: Kira Adem Özen 1/12 Mrmr Ryl A Blok 82 | E15: -7500 | G15: =E15 -> -7500 | H15: =H14+F15+G15 -> -71723.664
A16: 45450 | B16: Kira Adem Özen 1/12 Mrmr Ryl A Blok 82 | E16: -10000 | G16: =E16 -> -10000 | H16: =H15+F16+G16 -> -81723.664
B17: iphone 7+ ferro 3600 mA batarya | G17: -700 | H17: =H16+F17+G17 -> -82423.664
H18: =H17+F18+G18 -> -82423.664
A19: 45454 | B19: maaş kurban ikramiyesi | F19: 3000 | H19: =H18+F19+G19 -> -79423.664
A20: 45454 | B20: Elektrik 9522138254 Sanayi | E20: =E47*-1 -> -37.49 | G20: -37.49 | H20: =H19+F20+G20 -> -79461.154
A21: 45463 | B21: Doğalgaz 800004222954 Kümbet D10 | C21: devlet | E21: -300 | G21: -305 | H21: =H20+F21+G21 -> -79766.154
A22: 45463 | B22: Doğalgaz 800004222959 Kümbet D09 | C22: devlet | E22: -100 | G22: 0 | H22: =H21+F22+G22 -> -79766.154
H23: =H22+F23+G23 -> -79766.154
H24: =H23+F24+G24 -> -79766.154
H25: =H24+F25+G25 -> -79766.154
H26: =H25+F26+G26 -> -79766.154
A27: 45476 | B27: yasemin | E27: -5000 | G27: -5006 | H27: =H26+F27+G27 -> -84772.154
A28: 45476 | B28: umut | E28: -5000 | G28: -5006 | H28: =H27+F28+G28 -> -89778.154
B29: Genel Masraf | E29: -5000 | G29: -5000 | H29: =H28+F29+G29 -> -94778.154
H30: =H29+F30+G30 -> -94778.154
B31: maaş | D31: 10000 | F31: 10427.62 | H31: =H30+F31+G31 -> -84350.534
B32: Doğuş Kira 11/12-2024-25 | D32: 15000 | H32: =H31+F32+G32 -> -84350.534
A33: 45351 | B33: Doğuş Kira 7/12-2024-25 15000 - 6500 (07/03) 29-Şubattan | D33: 8500 | H33: =H32+F33+G33 -> -84350.534
H34: =H33+F34+G34 -> -84350.534
B38: --------------------------------------------------------------------------------------------------------------------------------------------------
A39: KALAN BAKİYELER
A41: 44929 | B41: 9522138254 Sanayi Elektrik | D41: =SUM(D42:D47) -> 5394.16 | E41: =SUM(E42:E47) -> 4605.33
B42: Salih Ant Elektrik | D42: 468.65
B43: Hurdacı Elektrik | D43: 1257.73 | E43: 1260
B44: Süleyman Elektrik | C44: egea | D44: 919.84 | E44: 919.84
B45: Merdal | D45: 2358.03 | E45: 2358
B46: Metin | D46: 352.42 | E46: 30
B47: Hacı Elektrik | D47: 37.49 | E47: 37.49
B48: -4625
B50: İşbank 4876 KK | E50: =SUM(E51:E62) -> -4300.09
A53: 45187 | B53: Pazarama – | C53: 7648.33 | D53: 9 – 9 | E53: -849.85 | F53: 0
A54: 45348 | B54: Atasun Gözlük | C54: 1406 | D54: 3 – 6 | E54: -234.33 | F54: 0
A55: 45373 | B55: pazarama 64gb ram umut | C55: 10176.39 | D55: 3 – 9 | E55: -1130.71 | F55: 0
A56: 45375 | B56: amazon kc200 2tb nvme umut | C56: 5999 | D56: 3 – 9 | E56: -666.56 | F56: 0
A57: 45358 | B57: THY ist uçak bileti | C57: 2273 | D57: 3 – 6 | E57: -378.87 | F57: 0
A58: 45371 | B58: THY ist uçak bileti iptal vergi iade | D58: 3 – 6 | E58: 101.77
A60: 45418 | B60: marmara royal market | E60: -251.54 | F60: 0
A61: 45418 | B61: pizza locale ist | E61: -890 | F61: 0
A62: 45418 | B62: ödeme | C62: 4278.51 | E62: HESAP KESİM
B65: Denizbank 5165 kk | D65: 19997.71 | E65: =SUM(E66:E114) -> -19997.71 | F65: =D65+E65 -> 0
A67: 45285 | B67: hepsiburada yasemin laptop - 21,309,98 | D67: 5 – 6 | E67: -3551.66
B68: turknet 12ay 17-02-24 * 17-02-25 399,99 *12 + 299,99 | D68: 4 - 6 | E68: -649.78
B69: turknet 1. ay karttan iade | C69: 49.98 | D69: 4 - 6
A71: 45408 | B71: ajet | E71: -1407.23
A72: 45420 | B72: bonus | C72: 300
A73: 45426 | B73: akgünler | E73: -1469
A74: 45426 | B74: pegasus kıbrıs umut askerlik | E74: -1453
A75: 45427 | B75: akgünler iade | E75: 905.5
A77: 45407 | B77: topcam | E77: -800 | F77: 0
A78: 45408 | B78: incipark | E78: -550 | F78: 0
A79: 45411 | B79: talbay gıda | E79: -70 | F79: 0
A80: 45412 | B80: et pide | C80: x | D80: =E80 -> -250 | E80: -250 | F80: 0
A81: 45412 | B81: noter merdal kipel ihtar | E81: -1508 | F81: 0
A82: 45412 | B82: belbim metro 3 lü biniş | E82: -70 | F82: 0
A83: 45413 | B83: havaist saw-ist | E83: -516 | F83: 0
A84: 45413 | B84: havaist yurt dışı çıkış harcı bakü | E84: -150 | F84: 0
A85: 45413 | B85: havaist yurt dışı çıkış harcı bakü | E85: -150 | F85: 0
A86: 45413 | B86: yemek | E86: -530 | F86: 0
A87: 45418 | B87: ödeme | C87: 23491.02
A88: 45420 | B88: erenler | E88: -518.4 | F88: 0
A89: 45422 | B89: paşa mercimek | E89: -80 | F89: 0
A90: 45424 | B90: erenler | E90: -173.82 | F90: 0
A91: 45425 | B91: et pide | C91: x | D91: =E91 -> -200 | E91: -200 | F91: 0
A92: 45426 | B92: et pide | C92: x | D92: =E92 -> -300 | E92: -300 | F92: 0
A93: 45426 | B93: kayseri | E93: -600 | F93: 0
A94: 45427 | B94: misli puan yükleme | C94: 95.08 | F94: 0
A95: 45427 | B95: ykm pegasus kıbrıs | E95: -1123.15 | F95: 0
A96: 45427 | B96: ykm | C96: 1.26 | F96: 0
A97: 45427 | B97: kayseri otobüs | E97: -16 | F97: 0
A98: 45427 | B98: iskender | E98: -375 | F98: 0
A99: 45427 | B99: kayseri otobüs | E99: -11.5 | F99: 0
A100: 45428 | B100: benzin mağusa | E100: -500 | F100: 0
A101: 45428 | B101: önder mağusa | E101: -594.68 | F101: 0
A102: 45430 | B102: önder mağusa | E102: -169.99 | F102: 0
A103: 45430 | B103: ali yakar mağusa | E103: -330 | F103: 0
A104: 45430 | B104: önder mağusa | E104: -139.9 | F104: 0
A105: 45430 | B105: benzin mağusa | E105: -500 | F105: 0
A106: 45431 | B106: ekor | E106: -266 | F106: 0
A107: 45432 | B107: ekor | E107: -22.1 | F107: 0
A108: 45432 | B108: kayseri otobüs | E108: -11.5 | F108: 0
... A111: 45432 | B111: kayseri-tokat | E111: -650 | F111: 0
A112: 45435 | B112: et pide | C112: x | D112: =E112 -> -300 | E112: -300 | F112: 0
A113: 45435 | B113: aşçıbaşı sivas peri ankara | E113: -550 | F113: 0
C114: selanik pide | D114: =SUM(D79:D113) -> -1050 | E114: HESAP KESİM
A118: HAZİRANa | B118: Devir | C118: 2024 | E118: =SUM(E119:E135) -> 794302.16
A119: 45413 | B119: yasemin | E119: 64000
...

Sheet 05_24
F1: GİRİŞ | G1: ÇIKIŞ | H1: BAKİYE
A2: - MAYIS 2024 | C2: TOPLAM | D2: =SUM(D5:D26) -> 25000 | E2: =SUM(E5:E26) -> -64525.01 | F2: =SUM(F5:F26) -> 25427.62 | G2: =SUM(G5:G26) -> -64483.92 | H2: =F2+G2 -> -39056.3
B4: TUSDATA 13/30 | C4: 17-2-24 de toplu ödendi | E4: -250 | H4: =H3+F4+G4 -> 0
A5: 45404 | B5: 2240 Turkcell fatura | C5: işbank | E5: -152 | G5: -166.9 | H5: =H4+F5+G5 -> -166.9
A6: 45414 | B6: Elektrik 5847500300 Kümbet D09 | E6: -400 | G6: -330 | H6: =H5+F6+G6 -> -496.9
A7: 45414 | B7: Elektrik 8222520300 Kümbet D10 | E7: -500 | G7: -510 | H7: =H6+F7+G7 -> -1006.9
A8: 45414 | B8: AUB usulsüzlük cezası Ali Demirel Damga vergisi için | D8: 2-4 te ödendi | E8: -103.5 | H8: =H7+F8+G8 -> -1006.9
A9: 45418 | B9: Doğalgaz Marmara Royal Ablok D:82 | C9: devlet | E9: -150 | G9: -25.38 | H9: =H8+F9+G9 -> -1032.28
A10: 45418 | B10: KK 4876 İşbank | E10: =E41 -> -4278.51 | G10: -4276.51 | H10: =H9+F10+G10 -> -5308.79
A11: 45418 | B11: KK 5165 Denizbank | E11: =E57 -> -23541 | G11: -23541 | H11: =H10+F11+G11 -> -28849.79
A12: 45418 | B12: Aidat Marmara Royal Site 12/12 | E12: -1500 | G12: -1512.13 | H12: =H11+F12+G12 -> -30361.92
A13: 45418 | B13: Nazan Kira ödemesi | E13: -10000 | G13: -10000 | H13: =H12+F13+G13 -> -40361.92
A14: 45419 | B14: Kira Adem Özen 12/12 Mrmr Ryl A Blok 82 | E14: -5375 | G14: -5375 | H14: =H13+F14+G14 -> -45736.92
A15: 45419 | B15: Kira Adem Özen 12/12 Mrmr Ryl A Blok 82 | E15: -2125 | G15: -2125 | H15: =H14+F15+G15 -> -47861.92
A16: 45432 | B16: Doğalgaz 800004222954 Kümbet D10 | C16: devlet | E16: -300 | G16: -403 | H16: =H15+F16+G16 -> -48264.92
A17: 45432 | B17: Doğalgaz 800004222959 Kümbet D09 | C17: devlet | E17: -100 | G17: -34 | H17: =H16+F17+G17 -> -48298.92
B18: Elektrik 9522138254 Sanayi | E18: =E36*-1 -> -100 | G18: =E18 -> -100 | H18: =H17+F18+G18 -> -48398.92
A19: 45439 | B19: yasemin | E19: -5000 | G19: -5205 | H19: =H18+F19+G19 -> -53603.92
A20: 45439 | B20: umut | E20: -5000 | G20: -5205 | H20: =H19+F20+G20 -> -58808.92
A21: 45439 | B21: Genel Masraf | E21: -5000 | G21: -5000 | H21: =H20+F21+G21 -> -63808.92
B22: maaş | D22: 10000 | F22: 10427.62 | H22: =H21+F22+G22 -> -53381.3
A23: 45447 | B23: Doğuş Kira 10/12-2024-25 | D23: 15000 | F23: 15000 | H23: =H22+F23+G23 -> -38381.3
H24: =H23+F24+G24 -> -38381.3
A25: 45442 | B25: Elektrik 5847500300 Kümbet D09 | E25: -400 | G25: -240 | H25: =H24+F25+G25 -> -38621.3
A26: 45442 | B26: Elektrik 8222520300 Kümbet D10 | E26: -500 | G26: -435 | H26: =H25+F26+G26 -> -39056.3
B28: --------------------------------------------------------------------------------------------------------------------------------------------------
A30: 44929 | B30: 9522138254 Sanayi Elektrik | D30: =SUM(D31:D36) -> 3775.16 | E30: =SUM(E31:E36) -> 3775.28
B31: Salih Ant Elektrik | D31: 786.88 | E31: 787
B32: Hurdacı Elektrik | D32: 1205 | E32: 1205
B33: Cihan Elektrik | D33: 55.4 | E33: 55.4
B34: Merdal | D34: 1257.4 | E34: 1257.4
B35: Metin | D35: 370.48 | E35: 370.48
B36: Hacı Elektrik | D36: 100 | E36: 100
B41: İşbank 4876 KK | E41: =SUM(E42:E53) -> -4278.51
A43: 45187 | B43: Pazarama – | C43: 7648.33 | D43: 8 – 9 | E43: -849.81
A44: 45348 | B44: Atasun Gözlük | C44: 1406 | D44: 2 – 6 | E44: -234.33
A45: 45373 | B45: pazarama 64gb ram umut | C45: 10176.39 | D45: 2– 9 | E45: -1130.71
A46: 45375 | B46: amazon kc200 2tb nvme umut | C46: 5999 | D46: 2 – 9 | E46: -666.56
A47: 45358 | B47: THY ist uçak bileti | C47: 2273 | D47: 2 – 6 | E47: -378.87
A48: 45371 | B48: THY ist uçak bileti iptal vergi iade | D48: 2 – 6 | E48: 101.77
A49: 45377 | B49: pazarama bosch gsb 12v30 2295,18 - 740 maxipuan | D49: 1 – 9
B50: market | E50: -90
D51: 6693.55
B52: gib vergi | E52: -790
B53: kafe356 | E53: -240
D54: HESAP KESİM
B57: Denizbank 5165 kk | E57: =SUM(E58:E100) -> -23541
A59: 45285 | B59: hepsiburada yasemin laptop - 21,309,98 | D59: 4 – 6 | E59: -3551.66
B60: turknet 12ay 17-02-24 * 17-02-25 399,99 *12 + 299,99 | D60: 3 - 6 | E60: -649.78
B61: turknet 1. ay karttan iade | C61: 49.98 | D61: 3 - 6
A64: 45405 | B64: et bahçe | E64: -500
A65: 45398 | B65: gaz kamil | E65: -400
A66: 45398 | B66: mrkt | E66: -48.5
A67: 45398 | B67: gaz kamil | E67: -871.29
A68: 45398 | B68: gaz kamil | E68: -810.42
A69: 45397 | B69: et pide | C69: 240 | E69: -240
A70: 45388 | B70: audi lastik değşm | E70: -400
D71: 6501.46
A72: 45383 | B72: et pide | C72: 250 | E72: -250
A73: 45377 | B73: 2240 | E73: -167
A74: 45377 | B74: 2240 | E74: -2.17
A75: 45377 | B75: 2240 | E75: -0.11
A76: 45406 | B76: mrkt | E76: -34.6
A77: 24.4 | B77: mrkt | E77: -370.4
A78: 45405 | B78: ajet tjk-saw azerbaycan | E78: -1306.88
A79: 45387 | B79: azarbeijan airlines ist-baku-ist | E79: -13938.19
B81: selanik yemek | C81: =SUM(C69:C80) -> 490
D100: HESAP KESİM
A101: MAYISa | B101: Devir | C101: 2024 | E101: =SUM(E102:E118) -> 1018967.9
A102: 45413 | B102: yasemin | E102: 64000
A103: =A102 -> 45413 | B103: umut | E103: 150845
A104: =A103 -> 45413 | B104: İş 789 | E104: 6036.94
A105: =A104 -> 45413 | B105: iş sny | E105: 102000
A106: =A105 -> 45413 | B106: iş sny umut-ortak 156 | E106: 0
A107: =A106 -> 45413 | B107: iş ytrm | E107: 0
A108: =A107 -> 45413 | B108: iş 801 | E108: 0
A109: =A108 -> 45413 | B109: iş TTE | C109: 125000 | D109: 0.880976 | E109: =D109*C109 -> 110122
A110: =A109 -> 45413 | B110: iş RNSGY | C110: 10 | D110: 145 | E110: =D110*C110 -> 1450
A111: =A109 -> 45413 | B111: denizbank | E111: 450
A112: =A111 -> 45413 | B112: iş ALTIN.S1 | C112: 2500 | D112: 25.11 | E112: =D112*C112 -> 62775
A113: =A111 -> 45413 | B113: xau iş alış 2461,08 | C113: 2308.97 | D113: 156 | E113: =D113*C113 -> 360199.32
A114: =A113 -> 45413 | B114: usd iş satış-alış 33,5088 | C114: 31.8793 | D114: 850 | E114: =D114*C114 -> 27097.405
A115: =A114 -> 45413 | B115: usd nakit | C115: =C114 -> 31.8793 | D115: 250 | E115: =D115*C115 -> 7969.825
A116: =A115 -> 45413 | B116: eur iş alış 35,1526 | C116: 34.3945 | D116: 58.8 | E116: =D116*C116 -> 2022.3966
A117: =A116 -> 45413 | B117: kasa nakit | E117: 120000
A118: =A117 -> 45413 | B118: nakit | E118: 4000
D121: Ay sonu BAKİYE | E121: =SUM(E102:E118) -> 1018967.9
C122: =A101 -> MAYISa | D122: Bakiye | E122: =H2 -> -39056.3

Sheet 04_24
F1: GİRİŞ | G1: ÇIKIŞ | H1: BAKİYE
A2: - NİSAN 2024 | C2: TOPLAM | D2: =SUM(D5:D45) -> 40000 | E2: =SUM(E5:E45) -> -51710.3 | F2: =SUM(F5:F45) -> 332427.62 | G2: =SUM(G5:G45) -> -86892.22 | H2: =F2+G2 -> 245535.4
A5: 45339 | B5: TUSDATA 12/30 | C5: 17-2-24 de toplu ödendi | E5: -250 | H5: =H4+F5+G5 -> 0
A6: 45377 | B6: 2240 Turkcell fatura | C6: dnz kk | E6: -152 | G6: -169.28 | H6: =H5+F6+G6 -> -169.28
A7: 45383 | B7: Aidat Marmara Royal Site 11/12 | E7: -1500 | G7: -1512.13 | H7: =H6+F7+G7 -> -1681.41
A8: 45384 | B8: Ablama bayram öncesi (iş 5gr) | G8: -10000 | H8: =H7+F8+G8 -> -11681.41
A9: 45384 | B9: AUB YGV 1.taksit | E9: -2273.07 | G9: -2237.07 | H9: =H8+F9+G9 -> -13918.48
A10: 45384 | B10: AUB usulsüzlük cezası Ali Demirel Damga vergisi için | D10: 2-5 vadeli idi | E10: -103.5 | G10: -103.5 | H10: =H9+F10+G10 -> -14021.98
A11: 45385 | B11: Doğalgaz Marmara Royal Ablok D:82 | C11: devlet | E11: -150 | G11: -197.34 | H11: =H10+F11+G11 -> -14219.32
A12: 45385 | B12: KK 5165 Denizbank | E12: =E97 -> -6501.46 | G12: =E12 -> -6501.46 | H12: =H11+F12+G12 -> -20720.78
A13: 45386 | B13: KK 4876 İşbank | E13: =E65 -> -6693.55 | G13: =E13 -> -6693.55 | H13: =H12+F13+G13 -> -27414.33
A14: 45386 | B14: Doğuş Kira 8/12-2024-25 30 Marttan | D14: 15000 | F14: 15000 | H14: =H13+F14+G14 -> -12414.33
A15: 45387 | B15: SGK bayramlık | F15: 3000 | H15: =H14+F15+G15 -> -9414.33
A16: 45389 | B16: Kira Adem Özen 11/12 Mrmr Ryl A Blok 82 | E16: -5375 | G16: =E16 -> -5375 | H16: =H15+F16+G16 -> -14789.33
A17: 45389 | B17: Kira Adem Özen 11/12 Mrmr Ryl A Blok 82 | E17: -2125 | G17: =E17 -> -2125 | H17: =H16+F17+G17 -> -16914.33
B18: Nazan Kira ödemesi | E18: -10000 | G18: =E18 -> -10000 | H18: =H17+F18+G18 -> -26914.33
A19: 45397 | B19: Elektrik 9522138254 Sanayi | E19: =E60*-1 -> -286.72 | G19: =E19 -> -286.72 | H19: =H18+F19+G19 -> -27201.05
A20: 45397 | B20: Elektrik 8758480300 Bahçe | G20: -55 | H20: =H19+F20+G20 -> -27256.05
A21: 45397 | B21: snyF Merdal Kipel bankadan ödeme | F21: 85000 | H21: =H20+F21+G21 -> 57743.95
A22: 45398 | B22: Doğalgaz 800004222954 Kümbet D10 | C22: Devlet 142,24 | E22: -300 | G22: -636 | H22: =H21+F22+G22 -> 57107.95
A23: 45398 | B23: Doğalgaz 800004222959 Kümbet D09 | C23: devlet | E23: -100 | G23: 0 | H23: =H22+F23+G23 -> 57107.95
A24: 45401 | B24: lihkab ücreti - tuzgümrüğü ölçüm | G24: -3592.17 | H24: =H23+F24+G24 -> 53515.78
A25: 45404 | B25: snyE Kira Bedeli Süleyman Akan | C25: nakit | F25: 1000 | H25: =H24+F25+G25 -> 54515.78
B26: snyE Kira Bedeli Süleyman Akan | C26: nakit | F26: 50000 | H26: =H25+F26+G26 -> 104515.78
B27: snyE Kira Bedeli Süleyman Akan | C27: işbank umut ortak hesabe KİRA BEDELİ | F27: 33000 | H27: =H26+F27+G27 -> 137515.78
B28: snyE Kira Bedeli Süleyman Akan | C28: nakit | F28: 120000 | H28: =H27+F28+G28 -> 257515.78
B29: snyE Kira Bedeli İADE Cihan ÇAM | G29: -24000 | H29: =H28+F29+G29 -> 233515.78
H30: =H29+F30+G30 -> 233515.78
H31: =H30+F31+G31 -> 233515.78
H32: =H31+F32+G32 -> 233515.78
H33: =H32+F33+G33 -> 233515.78
A34: 45414 | B34: Elektrik 5847500300 Kümbet D09 | E34: -400 | H34: =H33+F34+G34 -> 233515.78
A35: 45414 | B35: Elektrik 8222520300 Kümbet D10 | E35: -500 | H35: =H34+F35+G35 -> 233515.78
H36: =H35+F36+G36 -> 233515.78
B37: yasemin | H37: =H36+F37+G37 -> 233515.78
B38: Yasemin + bayram | E38: -5000 | G38: -6704 | H38: =H37+F38+G38 -> 226811.78
B39: Umut + bayram | E39: -5000 | G39: -6704 | H39: =H38+F39+G39 -> 220107.78
B40: Genel Masraf | E40: -5000 | H40: =H39+F40+G40 -> 220107.78
B41: maaş | D41: 10000 | F41: 10427.62 | H41: =H40+F41+G41 -> 230535.4
B42: Doğuş Kira 9/12-2024-25 | D42: 15000 | F42: 15000 | H42: =H41+F42+G42 -> 245535.4
H43: =H42+F43+G43 -> 245535.4
H44: =H43+F44+G44 -> 245535.4
A45: 45322 | B45: snyE senet 5/5 7000 ödenmedi kiracı değişti | H45: =H44+F45+G45 -> 245535.4
B51: --------------------------------------------------------------------------------------------------------------------------------------------------
A52: KALAN BAKİYELER
A54: 44929 | B54: 9522138254 Sanayi Elektrik | D54: =SUM(D55:D60) -> 4514.12 | E54: =SUM(E55:E60) -> 4437.22
B55: Salih Ant Elektrik | D55: 874.44 | E55: 800
B56: Hurdacı Elektrik | D56: 1078.92 | E56: 1079
B57: Cihan Elektrik | D57: 173.45 | E57: 172.5
B58: Merdal | C58: umuta havale | D58: 1774 | E58: 1774
B59: Metin | D59: 326.59 | E59: 325
B60: Hacı Elektrik | D60: 286.72 | E60: =D60 -> 286.72
B65: İşbank 4876 KK | E65: =SUM(E66:E91) -> -6693.55
A67: 45187 | B67: Pazarama – | C67: 7648.33 | D67: 7 – 9 | E67: -849.81
A68: 45348 | B68: Atasun Gözlük | C68: 1406 | D68: 1 – 6 | E68: -234.33
A69: 45358 | B69: THY ist uçak bileti | C69: 2273 | D69: 1 – 6 | E69: -378.87
A70: 45371 | B70: THY ist uçak bileti iptal vergi iade | D70: 1 – 6 | E70: 101.77
A71: 45373 | B71: pazarama 64gb ram umut | C71: 10176.39 | D71: 1– 9 | E71: -1130.71
A72: 45375 | B72: amazon kc200 2tb nvme umut | C72: 5999 | D72: 1– 9 | E72: -666.56
A74: 45347 | B74: kofteci | E74: -343
A75: 45348 | B75: atasun yakın gözlük sigorta | E75: -150
A76: 45351 | B76: pide | C76: =E76 -> -86.95 | E76: -86.95
A77: 45353 | B77: benzin | E77: -500
A78: 45353 | B78: peri bilet kayseri | E78: -600
A79: 45354 | B79: benzin çapa | E79: -330
A80: 45355 | B80: et | C80: =E80 -> -200 | E80: -200
A81: 45355 | B81: yemek | E81: -50
A82: 45356 | B82: et | C82: =E82 -> -200 | E82: -200
A83: 45357 | B83: led-fiş aksoy | E83: -160
A84: 45357 | B84: ödeme | C84: 6341.66
A85: 45361 | B85: erenler | E85: -294.14
A86: 45358 | B86: et | C86: =E86 -> -200 | E86: -200
E87: -3.05
A88: 45376 | B88: kk ücret | E88: -874.19
E89: -43.71
A90: 45374 | B90: pazarama online indirim | E90: 500
A91: 45374 | B91: pazarama online indirim | D91: HESAP KESİM
B92: selanik pide | C92: 686.95
B97: Denizbank 5165 kk | E97: =SUM(E98:E105) -> -6501.46
A99: 45214 | B99: amazon coreliquid 240r 3201TL-Arctic Fan 399TL | D99: 6 – 6 | E99: -600
A100: 45285 | B100: hepsiburada yasemin laptop - 21,309,98 | D100: 3 – 6 | E100: -3551.66 | F100: 0
B101: turknet 12ay 17-02-24 * 17-02-25 299,99 *12 + 299,99 | D101: 2 - 6 | E101: -649.78 | F101: 0
B102: turknet 1. ay karttan iade | C102: 49.98 | D102: 2 - 6 | E102: 49.98 | F102: 0
A104: 45374 | B104: örükçüoğlu audi porya | E104: -1750
D105: HESAP KESİM
A111: NİSANa | B111: Devir | C111: 2024 | E111: =SUM(E112:E126) -> 774287.74
A112: 45383 | B112: yasemin | E112: 64000
A113: =A112 -> 45383 | B113: umut | E113: 150845
A114: =A113 -> 45383 | B114: İş 789 | E114: 6036.94
A115: =A114 -> 45383 | B115: iş sny | E115: 0
A116: =A115 -> 45383 | B116: iş sny umut-ortak 156 | E116: 0
A117: =A116 -> 45383 | B117: iş ytrm | E117: 0
A118: =A117 -> 45383 | B118: iş 801 | E118: 0
A119: =A118 -> 45383 | B119: iş TTE | C119: 125000*0,880976 | E119: 110122
A120: =A119 -> 45383 | B120: denizbank | E120: 450
A121: =A120 -> 45383 | B121: xau iş alış 2461,08 | C121: 2308.97 | D121: 161 | E121: =D121*C121 -> 371744.17
A122: =A121 -> 45383 | B122: usd iş satış-alış 33,5088 | C122: 31.8793 | D122: 850 | E122: =D122*C122 -> 27097.405
A123: =A122 -> 45383 | B123: usd nakit | C123: =C122 -> 31.8793 | D123: 250 | E123: =D123*C123 -> 7969.825
A124: =A123 -> 45383 | B124: eur iş alış 35,1526 | C124: 34.3945 | D124: 58.8 | E124: =D124*C124 -> 2022.3966
A125: =A124 -> 45383 | B125: kasa nakit | E125: 30000
...

Sheet 03_24
F1: GİRİŞ | G1: ÇIKIŞ | H1: BAKİYE
B2: - MART 2024 | C2: TOPLAM | D2: =SUM(D6:D27) -> 12800 | E2: =SUM(E3:E29) -> -114592.82 | F2: =SUM(F3:F29) -> 19667.49 | G2: =SUM(G3:G29) -> -116144.16 | H2: =F2+G2 -> -96476.67
B4: TUSDATA 11/30 | C4: 17-2-24 de toplu ödendi | E4: -250 | H4: =H3+F4+G4 -> 0
A5: 45352 | B5: Aidat Marmara Royal Site 10/12 | E5: -1500 | G5: -1512.13 | H5: =H4+F5+G5 -> -1512.13
A6: 45355 | B6: 2240 Turkcell fatura | E6: -152 | G6: -166.9 | H6: =H5+F6+G6 -> -1679.03
A7: 45356 | B7: Nazan Kira ödemesi | E7: -10000 | G7: =E7 -> -10000 | H7: =H6+F7+G7 -> -11679.03
A8: 45356 | B8: KK 5165 Denizbank | C8: 72000 | E8: =E65 -> -72173.5 | G8: =E8 -> -72173.5 | H8: =H7+F8+G8 -> -83852.53
A9: 45357 | B9: KK 4876 İşbank | E9: =E46 -> -6341.66 | G9: =E9 -> -6341.66 | H9: =H8+F9+G9 -> -90194.19
A10: 45357 | B10: alumba gss prim borcu | C10: iş havale | G10: -220.03 | H10: =H9+F10+G10 -> -90414.22
A11: 45357 | B11: alumba gss prim borcu | C11: iş havale | G11: -631.37 | H11: =H10+F11+G11 -> -91045.59
A12: 45358 | B12: Kira Adem Özen 10/12 Mrmr Ryl A Blok 82 | E12: -5375 | G12: =E12 -> -5375 | H12: =H11+F12+G12 -> -96420.59
A13: 45358 | B13: Kira Adem Özen 10/12 Mrmr Ryl A Blok 82 | E13: -2125 | G13: =E13 -> -2125 | H13: =H12+F13+G13 -> -98545.59
A14: 45358 | B14: Doğuş Kira 7/12-2024-25 | F14: 6500 | H14: =H13+F14+G14 -> -92045.59
A15: 45359 | B15: Doğalgaz Marmara Royal Ablok D:82 | E15: -150 | G15: -168.91 | H15: =H14+F15+G15 -> -92214.5
A16: 45362 | B16: Elektrik 9522138254 Sanayi | E16: =E41*-1 -> -225.66 | G16: =-225.66 -> -225.66 | H16: =H15+F16+G16 -> -92440.16
A17: 45372 | B17: Doğalgaz 800004222954 Kümbet D10 | C17: devlet | E17: -300 | G17: -1083 | H17: =H16+F17+G17 -> -93523.16
A18: 45372 | B18: Doğalgaz 800004222959 Kümbet D09 | C18: devlet | E18: -100 | G18: 0 | H18: =H17+F18+G18 -> -93523.16
A19: 45378 | B19: maaş | D19: 10000 | F19: 10367.49 | H19: =H18+F19+G19 -> -83155.67
A20: 45378 | B20: yasemin | E20: -5000 | G20: -5203 | H20: =H19+F20+G20 -> -88358.67
B21: yasemin okul -65000 deniz kk ile | H21: =H20+F21+G21 -> -88358.67
A22: 45378 | B22: umut | E22: -5000 | G22: -5203 | H22: =H21+F22+G22 -> -93561.67
A23: 45378 | B23: Genel Masraf | E23: -5000 | G23: -5000 | H23: =H22+F23+G23 -> -98561.67
A24: 45380 | B24: Tuzgümrüğü kira | D24: 2800 | F24: 2800 | H24: =H23+F24+G24 -> -95761.67
A25: 45380 | B25: Elektrik 5847500300 Kümbet D09 | E25: -400 | G25: -255 | H25: =H24+F25+G25 -> -96016.67
A26: 45380 | B26: Elektrik 8222520300 Kümbet D10 | E26: -500 | G26: -460 | H26: =H25+F26+G26 -> -96476.67
H27: =H26+F27+G27 -> -96476.67
H28: =H27+F28+G28 -> -96476.67
H29: =H28+F29+G29 -> -96476.67
B32: --------------------------------------------------------------------------------------------------------------------------------------------------
B33: KALAN BAKİYELER
A35: 44929 | B35: 9522138254 Sanayi Elektrik | D35: =SUM(D36:D41) -> 5343.55 | E35: =SUM(E36:E41) -> 5345.8
B36: Salih Ant Elektrik | D36: 967.68 | E36: 970
B37: Hurdacı Elektrik 32,42 1. aydan ekleNDİ | C37: BANKADAN | D37: 1224.42 | E37: 1225
B38: Cihan Elektrik | D38: 237.14 | E38: 237.14
B39: Merdal 90,58 2. aydan düş | D39: 2248.8 | E39: 2248
B40: Metin | D40: 439.85 | E40: 440
B41: Hacı Elektrik | D41: 225.66 | E41: 225.66
B46: İşbank 4876 KK | E46: =SUM(E47:E60) -> -6341.66
A47: 45187 | B47: Pazarama – | C47: 7648.33 | D47: 6 – 9 | E47: -849.81
A48: 45187 | B48: Amazon - | C48: 11128 | D48: 6 – 6 | E48: -1854.65
A49: 45325 | B49: erenler | E49: -453.4
A50: 45326 | B50: pçamlıbel pide | E50: -300
A51: 45327 | B51: ödeme | C51: 3900.57
A52: 45330 | B52: kesik yemek | E52: -900
A53: 45330 | B53: erenler pide için | E53: -116.38
A54: 45331 | B54: et | E54: -100
A55: 45331 | B55: damga vergisi ali demirel | E55: -215.42
A56: 45332 | B56: et | E56: -100
A57: 45332 | B57: aşıkbaba yasemin | E57: -900
A58: 45337 | B58: atasun yakın gözlük | E58: -352
A59: 45338 | B59: et | E59: -100
A60: 45339 | B60: et | E60: -100
D61: HESAP KESİM
B65: Denizbank 5165 kk | E65: =SUM(E66:E85) -> -72173.5
A67: 45187 | B67: amazon işlemci i9 13900k | D67: 6 – 6 | E67: -3974.42 | F67: 0
A68: 45214 | B68: amazon coreliquid 240r 3201TL-Arctic Fan 399TL | D68: 5 – 6 | E68: -600
A69: 45285 | B69: hepsiburada yasemin laptop - 21,309,98 | D69: 2 – 6 | E69: -3551.66
A70: 45259 | B70: snyH Emlak vergileri | C70: -1204.5 | D70: 3 – 3 | E70: -401.5
A71: 45259 | B71: Emlak vergisi ayşe balcı | C71: -148.6 | D71: 3 – 3 | E71: -49.54
A72: 45259 | B72: emlak vergisi atila ev POBA | C72: -244.8 | D72: 3 – 3 | E72: -81.6
A73: 45259 | B73: emlka vergisi hmb | C73: -532.6 | D73: 3 – 3 | E73: -177.54
B74: audi mtv 2024-1 | C74: 899 | D74: 2 - 2 | E74: -449.5
B75: audi mtv 2023-2 ek | D75: 2 - 2 | E75: -299.64
B76: trafik cezası pervine yazıldı | D76: 2 - 2 | E76: -546.82
B77: turknet 12ay 17-02-24 * 17-02-25 399,99 *12 + 299,99 | D77: 1 - 6 | E77: -649.78
B78: turknet 1. ay karttan iade | C78: 49.98 | D78: 1 - 6
A81: 45324 | B81: aof 2. dönem harç | E81: -1195
A82: 45327 | B82: turrknet 17-01-24 * 17-02-24 ilk fatura | C82: -299.99
A83: 45336 | B83: yasemin okul | E83: -59483.25
A84: 45329 | B84: ceza dr184 sungurlu | E84: -713.25
A85: 45327 | B85: ödeme | C85: 24742.96
D87: HESAP KESİM
A108: MART | B108: Devir | C108: 2024 | E108: =SUM(E109:E127) -> 745852.05
A109: 45352 | B109: yasemin | E109: 64000
A110: =A109 -> 45352 | B110: umut 29,500 yasemin okul iadesi | E110: 150845
A111: =A110 -> 45352 | B111: İş 789 | E111: 5039.78
A112: =A111 -> 45352 | B112: iş sny | E112: 0
A113: =A112 -> 45352 | B113: iş sny umut-ortak 156 | E113: 0
A114: =A113 -> 45352 | B114: iş ytrm | E114: 0
A115: =A114 -> 45352 | B115: iş 801 | E115: 0
A116: =A115 -> 45352 | B116: iş TTE | C116: 125000*1,034036 | E116: 129254.5
A117: =A116 -> 45352 | B117: ALVES | C117: 12*19,45 | E117: 256.56
A118: =A117 -> 45352 | B118: LMKDC | C118: 36*38 | E118: 0
A119: =A118 -> 45352 | B119: OBAMS | C119: 15*39,24 | E119: 588.6
A120: =A119 -> 45352 | B120: MOGAN
A121: =A120 -> 45352 | B121: denizbank | E121: 450
A122: =A121 -> 45352 | B122: xau iş alış 2087,56 | C122: 2017.98 | D122: 161 | E122: =D122*C122 -> 324894.78
A123: =A122 -> 45352 | B123: usd iş satış-alış 31,6936 | C123: 30.7262 | D123: 850 | E123: =D123*C123 -> 26117.27
A124: =A123 -> 45352 | B124: usd nakit | C124: 30.726 | D124: 250 | E124: =D124*C124 -> 7681.5
A125: =A124 -> 45352 | B125: eur iş alış 34,2704 | C125: 33.2243 | D125: 81.99 | E125: =D125*C125 -> 2724.0604
A126: =A125 -> 45352 | B126: kasa nakit | E126: 30000
A127: =A126 -> 45352 | B127: nakit | E127: 4000
D130: Ay sonu BAKİYE | E130: =SUM(E109:E127) -> 745852.05
C131: =A108 -> MART | D131: Bakiye | E131: =H2 -> -96476.67

Sheet 02_24
F1: GİRİŞ | G1: ÇIKIŞ | H1: BAKİYE
A2: - ŞUBAT 2024 | C2: TOPLAM | D2: =SUM(D4:D31) -> 19300 | E2: =SUM(E4:E31) -> -65325.85 | F2: =SUM(F4:F31) -> 20543.64 | G2: =SUM(G4:G31) -> -69834.74 | H2: =F2+G2 -> -49291.1
A4: 45323 | B4: 2240 Turkcell fatura | E4: -152 | G4: -167 | H4: =H3+F4+G4 -> -167
A5: 45323 | B5: Aidat Marmara Royal Site 9/12 | E5: -1500 | G5: -1512.13 | H5: =H4+F5+G5 -> -1679.13
A6: 45323 | B6: Nazan Kira ödemesi | E6: -10000 | G6: -10000 | H6: =H5+F6+G6 -> -11679.13
A7: 45323 | B7: TUSDATA 10/30 | E7: -250 | G7: -250 | H7: =H6+F7+G7 -> -11929.13
A8: 45339 | B8: TUSDATA 10/30 - 20-30 * 11 adet senet ödemesi (şubat 2 kez ödendi yanlışlıkla) | G8: -2750 | H8: =H7+F8+G8 -> -14679.13
A9: 45327 | B9: KK 4876 İşbank | E9: =E47 -> -3900.57 | G9: =E9 -> -3900.57 | H9: =H8+F9+G9 -> -18579.7
A10: 45327 | B10: KK 5165 Denizbank | E10: =E64 -> -24792.94 | G10: =E10 -> -24792.94 | H10: =H9+F10+G10 -> -43372.64
A11: 45328 | B11: Doğuş Kira 6/12-2024-25 | F11: 6500 | H11: =H10+F11+G11 -> -36872.64
A12: 45329 | B12: Kira Adem Özen 9/12 Mrmr Ryl A Blok 82 | E12: -5375 | G12: =E12 -> -5375 | H12: =H11+F12+G12 -> -42247.64
A13: 45329 | B13: Kira Adem Özen 9/12 Mrmr Ryl A Blok 82 | E13: -2125 | G13: =E13 -> -2125 | H13: =H12+F13+G13 -> -44372.64
A14: 45329 | B14: maaş ocak ayı EK ödeme | F14: 816.04 | H14: =H13+F14+G14 -> -43556.6
A15: 45329 | B15: trafik cezası sungurlu istanbula giderken 28-12-2023 | E15: -713.25 | G15: =E15 -> -713.25 | H15: =H14+F15+G15 -> -44269.85
B16: 29.01.2024 trafik cezası MB-26446083 tebliğ tar: 09-01-24 sungurlu | H16: =H15+F16+G16 -> -44269.85
A17: 45329 | B17: Doğalgaz 800004222959 Kümbet D09 | C17: devlet 16,62 | E17: -100 | G17: 0 | H17: =H16+F17+G17 -> -44269.85
A18: 45334 | B18: Doğalgaz Marmara Royal Ablok D:82 | C18: devlet | E18: -150 | G18: -242.76 | H18: =H17+F18+G18 -> -44512.61
A19: 45334 | B19: Elektrik 9522138254 Sanayi | E19: =E42*-1 -> -67.09 | G19: =E19 -> -67.09 | H19: =H18+F19+G19 -> -44579.7
A20: 45341 | B20: Doğalgaz 800004222954 Kümbet D10 | C20: devlet 138,75 | E20: -300 | G20: -1734 | H20: =H19+F20+G20 -> -46313.7
A21: 45341 | B21: Tuzgümrüğü kira | D21: 2800 | F21: 2800 | H21: =H20+F21+G21 -> -43513.7
A22: 45349 | B22: yasemin | E22: -5000 | G22: -5200 | H22: =H21+F22+G22 -> -48713.7
A23: 45349 | B23: umut | E23: -5000 | G23: -5200 | H23: =H22+F23+G23 -> -53913.7
A24: 45349 | B24: Genel Masraf | E24: -5000 | G24: -5000 | H24: =H23+F24+G24 -> -58913.7
A25: 45349 | B25: maaş | D25: 10000 | F25: 10427.6 | H25: =H24+F25+G25 -> -48486.1
A26: 45358 | B26: Doğuş Kira 7/12-2024-25 | D26: 6500 | H26: =H25+F26+G26 -> -48486.1
H27: =H26+F27+G27 -> -48486.1
A28: 45351 | B28: Elektrik 5847500300 Kümbet D09 | E28: -400 | G28: -300 | H28: =H27+F28+G28 -> -48786.1
A29: 45351 | B29: Elektrik 8222520300 Kümbet D10 | E29: -500 | G29: -505 | H29: =H28+F29+G29 -> -49291.1
B30: snyE senet 5/5 7- 7 = 0 kalan | C30: 7000 | H30: =H29+F30+G30 -> -49291.1
B33: --------------------------------------------------------------------------------------------------------------------------------------------------
A34: KALAN BAKİYELER
A36: 44929 | B36: 9522138254 Sanayi Elektrik | D36: =SUM(D37:D42) -> 3749.53 | E36: =SUM(E37:E42) -> 3837.49
B37: Salih Ant Elektrik | D37: 999.4 | E37: 999.4
B38: Hurdacı Elektrik | D38: 876.64 | E38: 875
B39: Cihan Elektrik | D39: 431.36 | E39: 431
A40: 45334 | B40: Merdal fazla havale | C40: =E40-D40 -> 90.68 | D40: 891.32 | E40: 982
B41: Metin | D41: 483.72 | E41: 483
B42: Hacı Elektrik | D42: 67.09 | E42: 67.09
B47: İşbank 4876 KK | E47: =SUM(E48:E61) -> -3900.57
A50: 45043 | B50: Pazarama – i7-13700 + KC3000-512gb | C50: 10764.57 | D50: 9 – 9 | E50: -1196.09
A51: 45187 | B51: Pazarama – | C51: 7648.33 | D51: 5 – 9 | E51: -849.81
A52: 45187 | B52: Amazon - | C52: 11128 | D52: 5 – 6 | E52: -1854.67
D53: HESAP KESİM
B64: Denizbank 5165 kk | E64: =SUM(E65:E102) -> -24792.94
A66: 45187 | B66: amazon işlemci i9 13900k | D66: 5 – 6 | E66: -3974.44
A67: 45214 | B67: amazon coreliquid 240r 3201TL-Arctic Fan 399TL | D67: 4 – 6 | E67: -600
A68: 45285 | B68: hepsiburada yasemin laptop - 21,309,98 | D68: 1 – 6 | E68: -3551.66
A69: 45259 | B69: snyH Emlak vergileri | C69: -1204.5 | D69: 2 – 3 | E69: -401.5
A70: 45259 | B70: Emlak vergisi ayşe balcı | C70: -148.6 | D70: 2 – 3 | E70: -49.53
A71: 45259 | B71: emlak vergisi atila ev POBA | C71: -244.8 | D71: 2 – 3 | E71: -81.6
A72: 45259 | B72: emlka vergisi hmb | C72: -532.6 | D72: 2 – 3 | E72: -177.53
B73: audi mtv 2024-1 | C73: 899 | D73: 1 - 2 | E73: -449.5
B74: audi mtv 2023-2 ek | D74: 1 - 2 | E74: -299.64
B75: trafik cezası pervine yazıldı | D75: 1 - 2 | E75: -546.83
A77: 45312 | B77: sivas yemek | E77: -505
A78: 45312 | B78: sivas market | E78: -223.2
A79: 45310 | B79: sivas yemek | E79: -655
A80: 45293 | B80: ist yemek | E80: -480
A81: 45293 | B81: ist audi benzin | E81: -1200
A82: 45293 | B82: ist audi benzin | E82: -500
B83: ödeme | C83: 12474.55
A84: 45293 | B84: ist cam fitili | E84: -150
A85: 45291 | B85: ist silikon | E85: -60
A86: 45290 | B86: ist otopark | E86: -73
A87: 45290 | B87: ist otopark | E87: -100
A88: 45289 | B88: ist yemek | E88: -944
A89: 45288 | B89: sakarya market | E89: -140
A90: 45288 | B90: sakarya audi benzin | E90: -1570.18
A91: 45288 | B91: erenler | E91: -169.27
A92: 45288 | B92: ist sucuk | E92: -800
A93: 45287 | B93: erenler | E93: -438.05
A94: 45653 | B94: pide et | D94: 185 | E94: -185
A95: 45653 | B95: pide sebze | D95: 25.85 | E95: -25.85
A96: 45286 | B96: ordu market | E96: -160
A97: 45286 | B97: ordu yemek nalan | E97: -300
A98: 45651 | B98: pide çökelik erenler | D98: 112.64 | E98: -112.64
B99: superonline | E99: -193
B100: karadağ air montenegro uçak bileti | E100: -5517.52
B101: hgs | E101: -105
B102: hgs | E102: -54
C103: selanik pide kart toplam | D103: =SUM(D94:D102) -> 323.49
D104: HESAP KESİM
A111: ŞUBAT | B111: Devir | C111: 2024 | E111: =SUM(E112:E130) -> 809249.83
A112: 45352 | B112: yasemin | E112: 64000
A113: =A112 -> 45352 | B113: umut 15+15=30000 yasemin okul iadesi | E113: 180345.5 | F113: 30000
A114: =A113 -> 45352 | B114: İş 789 | E114: 5039.78 | F114: =E114 -> 5039.78
A115: =A114 -> 45352 | B115: iş sny | E115: 0
A116: =A115 -> 45352 | B116: iş sny umut-ortak 156 | E116: 0
A117: =A116 -> 45352 | B117: iş ytrm | E117: 0
A118: =A117 -> 45352 | B118: iş 801 | C118: 57 * 576,588071 | E118: 32865.52 | F118: =E118 -> 32865.52
A119: =A118 -> 45352 | B119: iş TTE | C119: 125000*1,034036 | E119: 129254.5
A120: =A119 -> 45352 | B120: ALVES | C120: 12*19,45 | E120: 256.56 | F120: =E120 -> 256.56
A121: =A120 -> 45352 | B121: LMKDC | C121: 36*28,66 | E121: 1031.76 | F121: =E121 -> 1031.76
A122: =A121 -> 45352 | B122: OBAMS | C122: 15*39,24 | E122: 588.6
A123: =A122 -> 45352 | B123: MOGAN
A124: =A123 -> 45352 | B124: denizbank | E124: 450 | F124: =E124 -> 450
A125: =A124 -> 45352 | B125: xau iş alış 2087,56 | C125: 2017.98 | D125: 161 | E125: =D125*C125 -> 324894.78
A126: =A125 -> 45352 | B126: usd iş satış-alış 31,6936 | C126: 30.7262 | D126: 850 | E126: =D126*C126 -> 26117.27
A127: =A126 -> 45352 | B127: usd nakit | C127: 30.726 | D127: 250 | E127: =D127*C127 -> 7681.5
A128: =A127 -> 45352 | B128: eur iş alış 34,2704 | C128: 33.2243 | D128: 81.99 | E128: =D128*C128 -> 2724.0604
...

Sheet 01_24
F1: GİRİŞ | G1: ÇIKIŞ | H1: BAKİYE
A2: - OCAK 2024 | C2: TOPLAM | D2: =SUM(D4:D42) -> 340464.6 | E2: =SUM(E4:E42) -> -52469.76 | F2: =SUM(F4:F42) -> 194911.58 | G2: =SUM(G4:G42) -> -66377.21 | H2: =F2+G2 -> 128534.37
A4: 45231 | B4: 2240 Turkcell fatura | E4: -152 | G4: -152 | H4: =H3+F4+G4 -> -152
B5: Nazan Kira ödemesi | E5: -10000 | G5: -10000 | H5: =H4+F5+G5 -> -10152
B6: TUSDATA 9/30 | E6: -250 | G6: -250 | H6: =H5+F6+G6 -> -10402
H7: =H6+F7+G7 -> -10402
B8: Doğalgaz Marmara Royal Ablok D:82 | C8: devlet | E8: -150 | G8: 0 | H8: =H7+F8+G8 -> -10402
A9: 45309 | B9: Doğalgaz 800004222954 Kümbet D10 | C9: devlet | D9: 137.3 | E9: -300 | G9: -1408 | H9: =H8+F9+G9 -> -11810
A10: 45299 | B10: Doğalgaz 800004222959 Kümbet D09 | C10: devlet | D10: 27.3 | E10: -100 | G10: 0 | H10: =H9+F10+G10 -> -11810
H11: =H10+F11+G11 -> -11810
B12: Elektrik 9522138254 Sanayi | E12: =E55*-1 -> -169.14 | G12: =E12 -> -169.14 | H12: =H11+F12+G12 -> -11979.14
B13: KK 4876 İşbank | E13: =E60 -> -3961.94 | G13: =E13 -> -3961.94 | H13: =H12+F13+G13 -> -15941.08
A14: 45294 | B14: KK 5165 Denizbank | E14: =E77 -> -12474.55 | G14: -12474 | H14: =H13+F14+G14 -> -28415.08
A15: 45295 | B15: Kira Adem Özen 8/12 Mrmr Ryl A Blok 82 | E15: -5375 | G15: =E15 -> -5375 | H15: =H14+F15+G15 -> -33790.08
B16: Kira Adem Özen 8/12 Mrmr Ryl A Blok 82 | E16: -2125 | G16: =E16 -> -2125 | H16: =H15+F16+G16 -> -35915.08
B17: Aidat Marmara Royal Site 8/12 | E17: -1512.13 | G17: -1512.13 | H17: =H16+F17+G17 -> -37427.21
H18: =H17+F18+G18 -> -37427.21
B19: yasemin | E19: -5000 | G19: -4800 | H19: =H18+F19+G19 -> -42227.21
B20: umut | E20: -5000 | G20: -4800 | H20: =H19+F20+G20 -> -47027.21
B21: Genel Masraf | E21: -5000 | G21: -5000 | H21: =H20+F21+G21 -> -52027.21
B22: Elektrik 5847500300 Kümbet D09 | E22: -400 | G22: -230 | H22: =H21+F22+G22 -> -52257.21
B23: Elektrik 8222520300 Kümbet D10 | E23: -500 | G23: -420 | H23: =H22+F23+G23 -> -52677.21
H24: =H23+F24+G24 -> -52677.21
A25: 45300 | B25: atila balcı zeytinyağı için havale mehmet yabir | G25: -5000 | H25: =H24+F25+G25 -> -57677.21
H26: =H25+F26+G26 -> -57677.21
B27: maaş | D27: 10000 | F27: 9611.58 | H27: =H26+F27+G27 -> -48065.63
B28: Tuzgümrüğü kira | D28: 2800 | F28: 2800 | H28: =H27+F28+G28 -> -45265.63
A29: 45293 | B29: Doğuş Kira 5/12-2024-25– 30-12-23 | F29: 6500 | H29: =H28+F29+G29 -> -38765.63
A30: 45328 | B30: Doğuş Kira 6/12-2024-25 | D30: 6500 | H30: =H29+F30+G30 -> -38765.63
A31: 45294 | B31: Kira snyE senet 4/5 13- 6 = 7000 kalan | F31: 6000 | H31: =H30+F31+G31 -> -32765.63
B32: snyE senet 5/5 7- 7 = 0 kalan | D32: 7000 | H32: =H31+F32+G32 -> -32765.63
B33: snyB Tahmin Edilen 120000 | D33: 170000 | H33: =H32+F33+G33 -> -32765.63
A34: 45295 | B34: snyB Nakit | F34: 120000 | H34: =H33+F34+G34 -> 87234.37
A35: 45296 | B35: snyB Nakit | F35: 26000 | H35: =H34+F35+G35 -> 113234.37
A36: 45299 | B36: snyB bankadan umuta | F36: 24000 | H36: =H35+F36+G36 -> 137234.37
B37: umuta kiradan harçlık | G37: -4000 | H37: =H36+F37+G37 -> 133234.37
A38: 45321 | B38: umuta kiradan harçlık | G38: -1000 | H38: =H37+F38+G38 -> 132234.37
B39: pimapen Orhan conta değişim | G39: -3700 | H39: =H38+F39+G39 -> 128534.37
H40: =H39+F40+G40 -> 128534.37
A41: 45315 | B41: Superonline modem yurtiçi kargo ile gitti | H41: =H40+F41+G41 -> 128534.37
B42: snyF | C42: 0.234011 | D42: 144000 | H42: =H41+F42+G42 -> 128534.37
H43: =H42+F43+G43 -> 128534.37
H44: =H43+F44+G44 -> 128534.37
H45: =H44+F45+G45 -> 128534.37
B46: --------------------------------------------------------------------------------------------------------------------------------------------------
A47: KALAN BAKİYELER
A49: 44929 | B49: 9522138254 Sanayi Elektrik | D49: =SUM(D50:D55) -> 4772.15 | E49: =SUM(E50:E55) -> 4742.64
B50: Salih Ant Elektrik | C50: kaza yaptı | D50: 1329.72 | E50: 1330
B51: Hurdacı Elektrik 32,42 eksik | D51: 1282.42 | E51: 1250
B52: Cihan Elektrik | D52: 298.67 | E52: 298.5
B53: Merdal 382789 havale | D53: 1204.38 | E53: 1205
B54: Metin | D54: 487.82 | E54: 490
B55: Hacı Elektrik | D55: 169.14 | E55: 169.14
B60: İşbank 4876 KK | E60: =SUM(E61:E74) -> -3961.94
A63: 45043 | B63: Pazarama – i7-13700 + KC3000-512gb | C63: 10764.57 | D63: 8 – 9 | E63: -1196.06
A64: 45187 | B64: Pazarama – | C64: 7648.33 | D64: 4 – 9 | E64: -849.81
A65: 45187 | B65: Amazon - | C65: 11128 | D65: 4 – 6 | E65: -1854.67
A66: 44995 | B66: al nlbry bosch gal12-40 şarj | C66: 613.91 | D66: 10 – 10 | E66: -61.4
D67: HESAP KESİM
B77: Denizbank 5165 kk | E77: =SUM(E78:E112) -> -12474.55
A79: 45187 | B79: amazon işlemci i9 13900k | D79: 4 – 6 | E79: -3974.44
A80: 45214 | B80: amazon coreliquid 240r 3201TL-Arctic Fan 399TL | D80: 3 – 6 | E80: -600
A82: 45259 | B82: snyH Emlak vergileri | C82: -1204.5 | D82: 1 – 3 | E82: -401.5
A83: 45259 | B83: Emlak vergisi ayşe balcı | C83: -148.6 | D83: 1 – 3 | E83: -49.53
A84: 45259 | B84: emlak vergisi atila ev POBA | C84: -244.8 | D84: 1 – 3 | E84: -81.6
A85: 45259 | B85: emlka vergisi hmb | C85: -532.6 | D85: 1 – 3 | E85: -177.53
A86: 45285 | B86: hepsiburada yasemin laptop - 21,309,98
B87: bonus | C87: 109.92
A88: 45283 | B88: sivas yemek | E88: -90
A89: 45283 | B89: pide | C89: =E89 -> -105.12 | E89: -105.12
A90: 45282 | B90: pide | C90: =E90 -> -58.63 | E90: -58.63
A91: 45281 | B91: sivas yemek | E91: -110
A92: 45281 | B92: pide | C92: =E92 -> -70 | E92: -70
A93: 45281 | B93: pide | C93: =E93 -> -76.66 | E93: -76.66
A94: 45279 | B94: emrar arar tokat ? | E94: -260
A95: 45278 | B95: pide | C95: =E95 -> -370 | E95: -370
A96: 45276 | B96: izzet çağlar tokat ? | E96: -300
A97: 45276 | B97: pide | C97: =E97 -> -250 | E97: -250
A98: 45275 | B98: et ev | E98: -470
A99: 45275 | B99: kasap zeki tokat ? | E99: -285
A100: 45274 | B100: pide | C100: =E100 -> -150 | E100: -150
A101: 45272 | B101: snycd noter ihtar süre bitimi | E101: -1108.15
A102: 45271 | B102: pide | C102: =E102 -> -150 | E102: -150
A103: 45270 | B103: audi benzin | E103: -1551.29
A104: 45270 | B104: erenler ev | E104: -315.1
A105: 45267 | B105: sivas yemek | E105: -300
A106: 45266 | B106: pide | C106: =E106 -> -200 | E106: -200
A107: 45265 | B107: pide | C107: =E107 -> -200 | E107: -200
A108: 45264 | B108: ödeme | D108: 11990.16
A109: 45260 | B109: pide | C109: =E109 -> -200 | E109: -200
A110: 45257 | B110: pide | C110: =E110 -> -250 | E110: -250
A111: 45255 | B111: pide | C111: =E111 -> -160 | E111: -160
A112: 45254 | B112: pide | C112: =E112 -> -160 | E112: -160
D113: HESAP KESİM
B114: selanik pide | C114: =SUM(C89:C113) -> -2400.41
A118: OCAK | B118: Devir | C118: 2023 | E118: =SUM(E119:E135) -> 813151.51
A119: 45322 | B119: yasemin | E119: 64000
A120: =A119 -> 45322 | B120: umut 250 usd * 30,97 = 7742,5 | E120: 210345.5
A121: =A120 -> 45322 | B121: İş 789 | E121: 7564.7
A122: =A121 -> 45322 | B122: iş sny | E122: 122.31
...

Sheet GNLK-_2023
C1: TAHMİNİ | F1: GERÇEKLEŞEN | K1: 0.235384 | L1: =1-K1 -> 0.764616 | N1: NY
A2: -2022 | B2: GİRİŞ | C2: ÇIKIŞ | D2: BAKİYE | E2: GİRİŞ | F2: ÇIKIŞ | G2: BAKİYE | J2: kR | K2: nzn | L2: hc | M2: Hc 1/1 | N2: =F26/1000 -> 356.02227
A3: Ocak | B3: ='01_23'!D2 -> 13261 | C3: ='01_23'!E2 -> -22808.31 | D3: =B3+C3 -> -9547.31 | E3: ='01_23'!F2 -> 8049.2 | F3: ='01_23'!G2 -> -23047.62 | G3: =E3+F3 -> -14998.42 | I3: dgs | J3: 78 | M3: =J3 -> 78 | N3: ='01_23'!E111/1000 -> 356.02227
A4: Şubat | B4: ='02_23'!D2 -> 15761 | C4: ='02_23'!E2 -> -56286.92 | D4: =B4+C4+D3 -> -50073.23 | E4: ='02_23'!F2 -> 26990.01 | F4: ='02_23'!G2 -> -77441.49 | G4: =E4+F4+G3 -> -65449.9 | I4: sF | J4: 83.16 | K4: =J4*$K$1 -> 19.574533 | L4: =J4-K4 -> 63.585467 | N4: ='02_23'!E111/1000 -> 335.748
A5: Mart | B5: ='03_23'!D2 -> 88189 | C5: ='03_23'!E2 -> -24634.69 | D5: =B5+C5+D4 -> 13481.08 | E5: ='03_23'!F2 -> 23139.34 | F5: ='03_23'!G2 -> -33283.54 | G5: =E5+F5+G4 -> -75594.1 | I5: tzg | J5: 33 | M5: 33 | N5: ='03_23'!E111/1000 -> 310.9323
A6: Nisan | B6: ='04_23'!D2 -> 20911 | C6: ='04_23'!E2 -> -54277.093 | D6: =B6+C6+D5 -> -19885.013 | E6: ='04_23'!F2 -> 72630 | F6: ='04_23'!G2 -> -58332.79 | G6: =E6+F6+G5 -> -61296.89 | I6: maaş ocak-haziran | M6: =E18/1000 -> 39.20855 | N6: ='04_23'!E111/1000 -> 367.48341
A7: Mayıs | B7: ='05_23'!D2 -> 17911 | C7: ='05_23'!E2 -> -20977.52 | D7: =B7+C7+D6 -> -22951.533 | E7: ='05_23'!F2 -> 19800 | F7: ='05_23'!G2 -> -25248.52 | G7: =E7+F7+G6 -> -66745.41 | I7: maaş temmuz-aralık | M7: =(E19+E20)/1000 -> 51.93253 | N7: ='05_23'!E111/1000 -> 358.02834
A8: Hazrn | B8: ='06_23'!D2 -> 28744 | C8: ='06_23'!E2 -> -26572.63 | D8: =B8+C8+D7 -> -20780.163 | E8: ='06_23'!F2 -> 33133 | F8: ='06_23'!G2 -> -28830.22 | G8: =E8+F8+G7 -> -62442.63 | I8: lise | J8: 150 | M8: =J8/4 -> 37.5 | N8: ='06_23'!E111/1000 -> 377.42543
A9: Temmz | B9: ='07_23'!D2 -> 67911 | C9: ='07_23'!E2 -> -35277.64 | D9: =B9+C9+D8 -> 11853.197 | E9: ='07_23'!F2 -> 70250 | F9: ='07_23'!G2 -> -42110.31 | G9: =E9+F9+G8 -> -34302.94 | I9: sE | J9: 96 | K9: =J9*$K$1 -> 22.596864 | L9: =J9-K9 -> 73.403136 | N9: ='07_23'!E111/1000 -> 433.28659
A10: Ağusts | B10: ='08_23'!D2 -> 87911 | C10: ='08_23'!E2 -> -32079.01 | D10: =B10+C10+D9 -> 67685.187 | E10: ='08_23'!F2 -> 16800 | F10: ='08_23'!G2 -> -37135.35 | G10: =E10+F10+G9 -> -54638.29 | I10: ap | J10: 100 | M10: 10 | N10: ='08_23'!E111/1000 -> 399.80057
A11: Eylül | B11: ='09_23'!D2 -> 133300 | C11: ='09_23'!E2 -> -31871.02 | D11: =B11+C11+D10 -> 169114.17 | E11: ='09_23'!F2 -> 257800 | F11: ='09_23'!G2 -> -34914.91 | G11: =E11+F11+G10 -> 168246.8 | I11: sG | J11: 96 | K11: =J11*$K$1 -> 22.596864 | L11: =J11-K11 -> 73.403136 | N11: ='09_23'!E111/1000 -> 604.3701
A12: Ekim | B12: ='10_23'!D2 -> 32800 | C12: ='10_23'!E2 -> -44478.17 | D12: =B12+C12+D11 -> 157436 | E12: ='10_23'!F2 -> 23200 | F12: ='10_23'!G2 -> -43968.17 | G12: =E12+F12+G11 -> 147478.63 | I12: sA | J12: 84 | K12: =J12*$K$1 -> 19.772256 | L12: =J12-K12 -> 64.227744 | N12: ='10_23'!E111/1000 -> 610.64973
A13: Kasım | B13: ='11_23'!D2 -> 262800 | C13: ='11_23'!E2 -> -98843.11 | D13: =B13+C13+D12 -> 321392.89 | E13: ='11_23'!F2 -> 177687.06 | F13: ='11_23'!G2 -> -242504.11 | G13: =E13+F13+G12 -> 82661.58 | I13: sCD | J13: 135 | K13: =J13*$K$1 -> 31.77684 | L13: =J13-K13 -> 103.22316 | N13: ='11_23'!E111/1000 -> 709.39308
A14: Aralık | B14: ='12_23'!D2 -> 22800 | C14: ='12_23'!E2 -> -38101.83 | D14: =B14+C14+D13 -> 306091.06 | E14: ='12_23'!F2 -> 16232.53 | F14: ='12_23'!G2 -> -41854.23 | G14: =E14+F14+G13 -> 57039.88 | I14: sB | K14: =J14*$K$1 -> 0 | L14: =J14-K14 -> 0 | N14: ='12_23'!E113/1000 -> 218.088
A15: TPLM | B15: =SUM(B3:B14) -> 792299 | C15: =SUM(C3:C14) -> -486207.94 | D15: =B15+C15 -> 306091.06 | E15: =SUM(E3:E14) -> 745711.14 | F15: =SUM(F3:F14) -> -688671.26 | G15: =E15+F15 -> 57039.88 | J15: =SUM(J3:J14) -> 855.16 | K15: =SUM(K4:K14) -> 116.31736 | L15: =SUM(L4:L14) -> 377.84264 | M15: =SUM(M3:M10) -> 249.64108
A16: 12 | B16: =B15/A16 -> 66024.917 | C16: =C15/A16 -> -40517.329 | E16: =E15/A16 -> 62142.595 | F16: =F15/A16 -> -57389.272 | G16: =G15/A16 -> 4753.3233 | J16: =J15/12 -> 71.263333 | K16: =K15/12 -> 9.6931131 | L16: =L15/12 -> 31.486887 | M16: =M15/12 -> 20.803423 | N16: =AVERAGE(N2:N15) -> 418.25001
L17: HACI | M17: =L15+M15 -> 627.48372
D18: ocak-haziran maaş toplamı | E18: ='01_23'!F20+'02_23'!F21+'03_23'!F20+'04_23'!F20+'05_23'!F19+'06_23'!F21 -> 39208.55 | F18: 5589 | G18: 25 | L18: / 12 | M18: =M17/12 -> 52.29031
D19: temmuz-aralık maaş toplamı | E19: ='07_23'!F26+'08_23'!F22+'09_23'!F21+'10_23'!F23+'11_23'!F21+'12_23'!F28 -> 44932.53 | F19: =F18*G18/100 -> 1397.25 | G19: temmuz artış %
D20: bayram-100.yıl | E20: 7000
D21: Toplam ;Emekli maaşı | E21: =SUM(E18:E20) -> 91141.08 | F21: =SUM(F18:F19) -> 6986.25 | G21: temmuz maaş
C26: 2022 Aralık Devir | F26: =SUM(F27:F65) -> 356022.27
B27: 45291 | C27: yasemin | F27: 32000
B28: 45291 | C28: umut | F28: 40000
B29: 45291 | C29: İş 789 | F29: 40162.18
B30: 45291 | C30: iş sny | F30: 44912.09
B31: 45291 | C31: xau | D31: 1093 | E31: 111 | F31: =E31*D31 -> 121323
B32: 45291 | C32: usd | D32: 18.5 | E32: 850 | F32: =E32*D32 -> 15725
B33: 45291 | C33: eur | D33: 19 | E33: 100 | F33: =E33*D33 -> 1900
B34: 45291 | C34: kasa | F34: 60000

Sheet PERI_23
D1: hesaba yazılmayan | F1: Peri | G1: BAKİYE
F2: ödeme
B3: 44873 | C3: dil kurs havale | E3: 1250 | G3: =G2+E3-F3 -> 1250
B4: 44888 | C4: peri ödeme | F4: 2250 | G4: =G3+E4-F4 -> -1000
B5: 44873 | C5: diş iş kk 10000 / 9 = 1111 | G5: =G4+E5-F5 -> -1000
B6: 44873 | C6: diş iş kk 1 / 9 | E6: 1111.11 | G6: =G5+E6-F6 -> 111.11
B7: 44888 | C7: peri ödeme | F7: 150 | G7: =G6+E7-F7 -> -38.89
B8: 44903 | C8: diş iş kk 2 / 9 | E8: 1111.11 | G8: =G7+E8-F8 -> 1072.22
B9: 44914 | C9: peri ödeme | F9: 2500 | G9: =G8+E9-F9 -> -1427.78
B10: 44934 | C10: diş iş kk 3 / 9 | E10: 1111.11 | G10: =G9+E10-F10 -> -316.67
B11: 44941 | C11: peri havale | F11: 1500 | G11: =G10+E11-F11 -> -1816.67
B12: 44957 | C12: gib trafik cezası | E12: 225.4 | G12: =G11+E12-F12 -> -1591.27
B13: 44957 | C13: gib trafik cezası | E13: 225.4 | G13: =G12+E13-F13 -> -1365.87
B14: 44957 | C14: gib mtv 2022-1 dr184 | E14: 437.97 | G14: =G13+E14-F14 -> -927.9
B15: 44957 | C15: gib mtv 2022-2 dr184 | E15: 404.23 | G15: =G14+E15-F15 -> -523.67
B16: 44957 | C16: gib mtv 2023-1-2 dr184 | E16: 1135 | G16: =G15+E16-F16 -> 611.33
B17: 44965 | C17: diş iş kk 4 / 9 | E17: 1111.11 | G17: =G16+E17-F17 -> 1722.44
B18: 44981 | C18: iş havale | F18: 2000 | G18: =G17+E18-F18 -> -277.56
B19: 44993 | C19: diş iş kk 5 / 9 | E19: 1111.11 | G19: =G18+E19-F19 -> 833.55
B20: 45024 | C20: diş iş kk 6 / 9 | E20: 1111.11 | G20: =G19+E20-F20 -> 1944.66
B21: 45031 | C21: iş havale | F21: 6000 | G21: =G20+E21-F21 -> -4055.34
B22: 45054 | C22: diş iş kk 7 / 9 | E22: 1111.11 | G22: =G21+E22-F22 -> -2944.23
B23: 45085 | C23: diş iş kk 8 / 9 | E23: 1111.11 | G23: =G22+E23-F23 -> -1833.12
B24: 45115 | C24: diş iş kk 9 / 9 | E24: 1111.12 | G24: =G23+E24-F24 -> -722
B25: 45000 | C25: Budama makası | E25: 2258 | G25: =G24+E25-F25 -> 1536
C26: Budama şarj aleti | E26: 613 | G26: =G25+E26-F26 -> 2149
C27: Budama 12 v 3 ah li-on akü | E27: 720 | G27: =G26+E27-F27 -> 2869
C28: kıbrıs yemek 37 Euro * 28 TL | F28: 1036 | G28: =G27+E28-F28 -> 1833
B29: 45112 | C29: Mersin-tokat otobüs bileti topçam | F29: 500 | G29: =G28+E29-F29 -> 1333
B30: 45114 | C30: ankara çeyrek altın | E30: 2650 | G30: =G29+E30-F30 -> 3983
C31: ankara benzin | E31: 1356 | G31: =G30+E31-F31 -> 5339
C32: ankara benzin | E32: 869 | G32: =G31+E32-F32 -> 6208
C33: Eskişehir benzin | D33: 1120 | G33: =G32+E33-F33 -> 6208
B34: 45122 | C34: aliden ziraat kredi için alınan 15/07/2023 taksidi için | F34: 3450 | G34: =G33+E34-F34 -> 2758
C35: lab mustafa gr altın | E35: 1750 | G35: =G34+E35-F35 -> 4508
B36: 45149 | C36: aliden ziraat kredi için alınan 15/08/2023 taksidi için | F36: 3450 | G36: =G35+E36-F36 -> 1058
G37: =G36+E37-F37 -> 1058
B39: 45168 | D39: ARA TOPLAMLAR - KALAN BAKİYE | E39: =SUM(E3:E37) -> 23894 | F39: =SUM(F3:F37) -> 22836 | G39: =E39-F39 -> 1058
B41: 45179 | C41: ankara nilufer altın | E41: 3450 | G41: =G39+E41-F41 -> 4508
B42: 45184 | C42: selnik için pervinin hesaba gelen havale | E42: 3300 | G42: =G41+E42-F42 -> 7808
B43: 45184 | C43: selanik kredi 15/09/2023 taksidi için | F43: 3450 | G43: =G42+E43-F43 -> 4358
B44: 45192 | C44: kayseri için toyota gaz 450 TL | D44: 450 | G44: =G43+E44-F44 -> 4358
B45: 45192 | C45: kayseri için toyota gaz 699 TL | D45: 699 | G45: =G44+E45-F45 -> 4358
B46: 45189 | C46: audi ek mtv - 1 | E46: 573 | G46: =G45+E46-F46 -> 4931
C47: audi bakım 1500 TL | D47: 1500 | G47: =G46+E47-F47 -> 4931
C48: audi muayene | E48: 1207 | G48: =G47+E48-F48 -> 6138
C49: eskişehir ceza 2 x 751 = 1502 TL | D49: 1502 | G49: =G48+E49-F49 -> 6138
B50: 45214 | C50: aliden ziraat için alınan 15/10/2023 taksidi için | F50: 3450 | G50: =G49+E50-F50 -> 2688
B51: 45246 | C51: ankaraya giderken nakit verilen | E51: 1500 | G51: =G50+E51-F51 -> 4188
B52: 45246 | C52: aliden ziraat için alınan 15/11/2023 taksidi için | F52: 3450 | G52: =G51+E52-F52 -> 738
B53: 45260 | C53: audi ek mtv - 2 | E53: 573 | G53: =G52+E53-F53 -> 1311
B54: 45266 | C54: aliden kredi için 15/12/2023 taksidi için | F54: 3450 | G54: =G53+E54-F54 -> -2139
B55: 45267 | C55: peri ankaraya giderken elden verilen | E55: 1500 | G55: =G54+E55-F55 -> -639
B56: 45270 | C56: audi benzin | E56: 1711 | G56: =G55+E56-F56 -> 1072
G57: =G56+E57-F57 -> 1072
G58: =G57+E58-F58 -> 1072
C60: Toplamlar | D60: =SUM(D3:D36)+SUM(D41:D52) -> 5271 | E60: =SUM(E3:E36)+SUM(E41:E56) -> 37708 | F60: =SUM(F3:F36)+SUM(F41:F56) -> 36636 | G60: =E60-F60 -> 1072
D61: HESABA | E61: PERI | F61: PERİ | G61: PERİ
D62: YAZILMAYAN | E62: BORÇ | F62: ÖDEME | G62: BAKIYE

Sheet NZN_24
C2: 2023 YILI NAZAN BALCI
D3: Yapılacak | E3: Kalacak | F3: Yapılan | I3: Kalan
D4: Ödeme | E4: Bakiye | F4: Ödeme | I4: Bakiye
E5: 119305.95 | H5: 2023 yıl sonu nazan kira geliri | I5: =NZN_23!I8*-1 -> 119305.95
H6: 2024 yılı Toplam | I6: =I23*-1 -> 39967
I7: =I6+I5 -> 159272.95
B8: 45295 | C8: denizbanka | D8: 10000 | E8: =I7-D8 -> 149272.95 | F8: 10000 | H8: nazan havale | I8: =I7-F8 -> 149272.95
B9: 45324 | C9: denizbanka | D9: 10000 | E9: =E8-D9 -> 139272.95 | F9: 10000 | H9: nazan havale | I9: =I8-F9 -> 139272.95
B10: 45352 | D10: 10000 | E10: =E9-D10 -> 129272.95 | F10: 10000 | H10: nazan havale | I10: =I9-F10 -> 129272.95
B11: 45383 | D11: 10000 | E11: =E10-D11 -> 119272.95 | F11: 10000 | H11: nazan havale | I11: =I10-F11 -> 119272.95
B12: 45413 | D12: 10000 | E12: =E11-D12 -> 109272.95 | F12: 10000 | H12: nazan havale | I12: =I11-F12 -> 109272.95
B13: 45444 | D13: 10000 | E13: =E12-D13 -> 99272.955 | F13: 10000 | H13: nazan havale | I13: =I12-F13 -> 99272.955
B14: 45474 | D14: 10000 | E14: =E13-D14 -> 89272.955 | F14: 10000 | H14: nazan havale | I14: =I13-F14 -> 89272.955
B15: 45505 | D15: 10000 | E15: =E14-D15 -> 79272.955 | H15: ödenmedi | I15: =I14-F15 -> 89272.955
B16: 45536 | D16: 10000 | E16: =E15-D16 -> 69272.955 | H16: ödenmedi | I16: =I15-F16 -> 89272.955
B17: 45566 | D17: 10000 | E17: =E16-D17 -> 59272.955 | H17: ödenmedi | I17: =I16-F17 -> 89272.955
B18: 45597 | D18: 10000 | E18: =E17-D18 -> 49272.955 | H18: ödenmedi | I18: =I17-F18 -> 89272.955
B19: 45627 | D19: 10000 | E19: =E18-D19 -> 39272.955 | I19: =I18-F19 -> 89272.955
C21: Hisse Oranı | E21: 0.2351 | F21: =1-E21 -> 0.7649
B22: Tarih | C22: Açıklama | D22: snyA-H | E22: Oran % | F22: Oran TL Tutar | G22: Ödendi | H22: Oran TL | I22: Genel Toplam
C23: Toplam Gelir | D23: =SUBTOTAL(109,D24:D37) -> 331000 | E23: =SUBTOTAL(109,$E$24:$E$37) -> 170000 | F23: =SUM(F24:F37) -> -37851.1 | H23: =SUBTOTAL(109,$H$24:$H$37) -> -39967 | I23: =I24 -> -39967
B24: 45656 | C24: snyH- Yazıhane | E24: =IF(G24=1,$D24,0) -> 0 | F24: =IF(G24=0,D24*$E$21*-1,0) -> 0 | G24: 0 | H24: =IF(G24=1,D24*$E$21*-1,0) -> 0 | I24: =I25+H24 -> -39967
E25: =IF(G25=1,$D25,0) -> 0 | F25: =IF(G25=0,D25*$E$21*-1,0) -> 0 | G25: 0 | H25: =IF(G25=1,D25*$E$21*-1,0) -> 0 | I25: =I26+H25 -> -39967
E26: =IF(G26=1,$D26,0) -> 0 | F26: =IF(G26=0,D26*$E$21*-1,0) -> 0 | G26: 0 | H26: =IF(G26=1,D26*$E$21*-1,0) -> 0 | I26: =I27+H26 -> -39967
E27: =IF(G27=1,$D27,0) -> 0 | F27: =IF(G27=0,D27*$E$21*-1,0) -> 0 | G27: 0 | H27: =IF(G27=1,D27*$E$21*-1,0) -> 0 | I27: =I28+H27 -> -39967
E28: =IF(G28=1,$D28,0) -> 0 | F28: =IF(G28=0,D28*$E$21*-1,0) -> 0 | G28: 0 | H28: =IF(G28=1,D28*$E$21*-1,0) -> 0 | I28: =I29+H28 -> -39967
C29: 02-24-sny içinde takip ediliyor | E29: =IF(G29=1,$D29,0) -> 0 | F29: =IF(G29=0,D29*$E$21*-1,0) -> 0 | G29: 0 | H29: =IF(G29=1,D29*$E$21*-1,0) -> 0 | I29: =I30+H29 -> -39967
E30: =IF(G30=1,$D30,0) -> 0 | F30: =IF(G30=0,D30*$E$21*-1,0) -> 0 | G30: 0 | H30: =IF(G30=1,D30*$E$21*-1,0) -> 0 | I30: =I31+H30 -> -39967
E31: =IF(G31=1,$D31,0) -> 0 | F31: =IF(G31=0,D31*$E$21*-1,0) -> 0 | G31: 0 | H31: =IF(G31=1,D31*$E$21*-1,0) -> 0 | I31: =I32+H31 -> -39967
E32: =IF(G32=1,$D32,0) -> 0 | F32: =IF(G32=0,D32*$E$21*-1,0) -> 0 | G32: 0 | H32: =IF(G32=1,D32*$E$21*-1,0) -> 0 | I32: =I33+H32 -> -39967
B33: 45321 | C33: SnyE- Nakit->nazana | D33: 7000 | E33: =IF(G33=1,$D33,0) -> 0 | F33: =IF(G33=0,D33*$E$21*-1,0) -> -1645.7 | G33: 0 | H33: =IF(G33=1,D33*$E$21*-1,0) -> 0 | I33: =I34+H33 -> -39967
C34: snyB- bankadan umuta | D34: 24000 | E34: =IF(G34=1,$D34,0) -> 24000 | F34: =IF(G34=0,D34*$E$21*-1,0) -> 0 | G34: 1 | H34: =IF(G34=1,D34*$E$21*-1,0) -> -5642.4 | I34: =I35+H34 -> -39967
B35: 45296 | C35: snyB- nakit | D35: 26000 | E35: =IF(G35=1,$D35,0) -> 26000 | F35: =IF(G35=0,D35*$E$21*-1,0) -> 0 | G35: 1 | H35: =IF(G35=1,D35*$E$21*-1,0) -> -6112.6 | I35: =I36+H35 -> -34324.6
B36: 45295 | C36: snyB- nakit | D36: 120000 | E36: =IF(G36=1,$D36,0) -> 120000 | F36: =IF(G36=0,D36*$E$21*-1,0) -> 0 | G36: 1 | H36: =IF(G36=1,D36*$E$21*-1,0) -> -28212 | I36: =I37+H36 -> -28212
B37: 45292 | C37: snyF | D37: 154000 | E37: =IF(G37=1,$D37,0) -> 0 | F37: =IF(G37=0,D37*$E$21*-1,0) -> -36205.4 | G37: 0 | H37: =IF(G37=1,D37*$E$21*-1,0) -> 0 | I37: =H37 -> 0
D40: Toplam | E40: Hacı | F40: Nazan
C41: % | D41: 1 | E41: =1-F41 -> 0.7649 | F41: =E21 -> 0.2351
C42: Toplam Gelecek | D42: =$D$23*D41 -> 331000 | E42: =$D$23*E41 -> 253181.9 | F42: =$D$23*F41 -> 77818.1
C43: Gelen | D43: =E43+F43 -> 170000 | E43: =F43/F41*E41 -> 130033 | F43: =$I$23*-1 -> 39967
C44: Kalan Gelecek | D44: =D42-D43 -> 161000 | E44: =E42-E43 -> 123148.9 | F44: =F42-F43 -> 37851.1
D47: toplam | E47: zekat % | F47: zekat
C49: HACI | D49: =E43 -> 130033 | E49: 0.025 | F49: =D49*E49 -> 3250.825

Sheet NZN_23
C2: 2023 YILI NAZAN BALCI
C5: Hisse Oranı | E5: 0.2351 | F5: =1-E5 -> 0.7649
B6: Tarih | C6: Açıklama | D6: snyA-H | E6: Oran % | F6: Oran TL Tutar | G6: Ödendi | H6: Oran TL | I6: Genel Toplam
B8: 45290 | C8: snyH- Yazıhane | D8: -5843.55 | E8: =IF(G8=1,$D8,0) -> -5843.55 | F8: =IF(G8=0,D8*$E$5*-1,0) -> 0 | G8: 1 | H8: =IF(G8=1,D8*$E$5*-1,0) -> 1373.8186 | I8: =I9+H8 -> -119305.95
B9: 45290 | C9: snyCD- Nakit->nazana | D9: 135000 | E9: =IF(G9=1,$D9,0) -> 135000 | F9: =IF(G9=0,D9*$E$5*-1,0) -> 0 | G9: 1 | H9: =IF(G9=1,D9*$E$5*-1,0) -> -31738.5 | I9: =I10+H9 -> -120679.77
B10: 45260 | C10: snyB- 2024 yılı içerisinde | E10: =IF(G10=1,$D10,0) -> 0 | F10: =IF(G10=0,D10*$E$5*-1,0) -> 0 | G10: 0 | H10: =IF(G10=1,D10*$E$5*-1,0) -> 0 | I10: =I11+H10 -> -88941.273
B11: 45236 | C11: snyF- Nakit->nazana | D11: 15887.06 | E11: =IF(G11=1,$D11,0) -> 15887.06 | F11: =IF(G11=0,D11*$E$5*-1,0) -> 0 | G11: 1 | H11: =IF(G11=1,D11*$E$5*-1,0) -> -3735.0478 | I11: =I12+H11 -> -88941.273
B12: 45195 | C12: snyA- Nakit->nazana | D12: 84000 | E12: =IF(G12=1,$D12,0) -> 84000 | F12: =IF(G12=0,D12*$E$5*-1,0) -> 0 | G12: 1 | H12: =IF(G12=1,D12*$E$5*-1,0) -> -19748.4 | I12: =I13+H12 -> -85206.226
B13: 45229 | C13: snyG- Nakit->nazana | D13: 10000 | E13: =IF(G13=1,$D13,0) -> 10000 | F13: =IF(G13=0,D13*$E$5*-1,0) -> 0 | G13: 1 | H13: =IF(G13=1,D13*$E$5*-1,0) -> -2351 | I13: =I14+H13 -> -65457.826
B14: 45194 | C14: snyG- Nakit->nazana | D14: 3000 | E14: =IF(G14=1,$D14,0) -> 3000 | F14: =IF(G14=0,D14*$E$5*-1,0) -> 0 | G14: 1 | H14: =IF(G14=1,D14*$E$5*-1,0) -> -705.3 | I14: =I15+H14 -> -63106.826
B15: 45192 | C15: snyG- Nakit->nazana | D15: 83000 | E15: =IF(G15=1,$D15,0) -> 83000 | F15: =IF(G15=0,D15*$E$5*-1,0) -> 0 | G15: 1 | H15: =IF(G15=1,D15*$E$5*-1,0) -> -19513.3 | I15: =I16+H15 -> -62401.526
B16: 45321 | C16: SnyE- Nakit->nazana | D16: 7000 | E16: =IF(G16=1,$D16,0) -> 0 | F16: =IF(G16=0,D16*$E$5*-1,0) -> -1645.7 | G16: 0 | H16: =IF(G16=1,D16*$E$5*-1,0) -> 0 | I16: =I17+H16 -> -42888.226
B17: 45290 | C17: SnyE- Nakit->nazana 3-1-24 | D17: 6000 | E17: =IF(G17=1,$D17,0) -> 6000 | F17: =IF(G17=0,D17*$E$5*-1,0) -> 0 | G17: 1 | H17: =IF(G17=1,D17*$E$5*-1,0) -> -1410.6 | I17: =I18+H17 -> -42888.226
B18: 45260 | C18: SnyE- Nakit->nazana 06-12-23 | D18: 6000 | E18: =IF(G18=1,$D18,0) -> 6000 | F18: =IF(G18=0,D18*$E$5*-1,0) -> 0 | G18: 1 | H18: =IF(G18=1,D18*$E$5*-1,0) -> -1410.6 | I18: =I19+H18 -> -41477.626
B19: 45229 | C19: SnyE- Nakit->nazana 06-11-23 | D19: 6000 | E19: =IF(G19=1,$D19,0) -> 6000 | F19: =IF(G19=0,D19*$E$5*-1,0) -> 0 | G19: 1 | H19: =IF(G19=1,D19*$E$5*-1,0) -> -1410.6 | I19: =I20+H19 -> -40067.026
B20: 45199 | C20: SnyE- Nakit->nazana | D20: 6000 | E20: =IF(G20=1,$D20,0) -> 6000 | F20: =IF(G20=0,D20*$E$5*-1,0) -> 0 | G20: 1 | H20: =IF(G20=1,D20*$E$5*-1,0) -> -1410.6 | I20: =I21+H20 -> -38656.426
B21: 45171 | C21: SnyE- Nakit->nazana | D21: 65000 | E21: =IF(G21=1,$D21,0) -> 65000 | F21: =IF(G21=0,D21*$E$5*-1,0) -> 0 | G21: 1 | H21: =IF(G21=1,D21*$E$5*-1,0) -> -15281.5 | I21: =I22+H21 -> -37245.826
B22: 45122 | C22: SnF-Çek->Nazan | D22: 50000 | E22: =IF(G22=1,$D22,0) -> 50000 | F22: =IF(G22=0,D22*$E$5*-1,0) -> 0 | G22: 1 | H22: =IF(G22=1,D22*$E$5*-1,0) -> -11755 | I22: =I23+H22 -> -21964.326
C23: SnyF-bankadan -> Nazan | D23: 28080 | E23: =IF(G23=1,$D23,0) -> 28080 | F23: =IF(G23=0,D23*$E$5*-1,0) -> 0 | G23: 1 | H23: =IF(G23=1,D23*$E$5*-1,0) -> -6601.608 | I23: =I24+H23 -> -10209.326
C24: SnyF-icra avukatdan -> Nazan | D24: 8425.46 | E24: =IF(G24=1,$D24,0) -> 8425.46 | F24: =IF(G24=0,D24*$E$5*-1,0) -> 0 | G24: 1 | H24: =IF(G24=1,D24*$E$5*-1,0) -> -1980.8256 | I24: =I25+H24 -> -3607.7176
B25: 44963 | C25: SnyF-Ocak23 -> Nazan | D25: 6920 | E25: =IF(G25=1,$D25,0) -> 6920 | F25: =IF(G25=0,D25*$E$5*-1,0) -> 0 | G25: 1 | H25: =IF(G25=1,D25*$E$5*-1,0) -> -1626.892 | I25: =I26+H25 -> -1626.892
C27: Toplam Gelir | D27: =SUBTOTAL(109,$D$7:$D$26) -> 514468.97 | E27: =SUBTOTAL(109,$E$9:$E$26) -> 513312.52 | F27: =SUM(F8:F25) -> -1645.7 | H27: =SUBTOTAL(109,$H$7:$H$26) -> -119305.95
C28: Toplam Harcama | E28: =E8 -> -5843.55
C29: Net Gelir | E29: =E28+E27 -> 507468.97
D31: Toplam | E31: Hacı | F31: Nazan
C32: % | D32: 1 | E32: =1-F32 -> 0.7649 | F32: 0.2351
C33: Toplam Gelecek | D33: =$D$27*D32 -> 514468.97 | E33: =$D$27*E32 -> 393517.32 | F33: =$D$27*F32 -> 120951.65
C34: Gelen | D34: =E34+F34 -> 507468.97 | E34: =F34/F32*E32 -> 388163.02 | F34: =$H$27*-1 -> 119305.95
C35: Kalan Gelecek | D35: =D33-D34 -> 7000 | E35: =E33-E34 -> 5354.3 | F35: =F33-F34 -> 1645.7
D38: toplam | E38: zekat % | F38: zekat
C39: NAZAN | D39: =F34 -> 119305.95 | E39: 0.025 | F39: =D39*E39 -> 2982.6489
C40: HACI | D40: =E34 -> 388163.02 | E40: 0.025 | F40: =D40*E40 -> 9704.0754

Sheet 12_23
F1: GİRİŞ | G1: ÇIKIŞ | H1: BAKİYE
A2: - ARALIK 2023 | C2: TOPLAM | D2: =SUM(D5:D35) -> 22800 | E2: =SUM(E5:E35) -> -38101.83 | F2: =SUM(F5:F35) -> 16232.53 | G2: =SUM(G5:G35) -> -41854.23 | H2: =F2+G2 -> -25621.7
A4: 45259 | B4: 2240 Turkcell fatura | C4: deniz kk | E4: -152 | G4: -152 | H4: =H3+F4+G4 -> -152
A5: 45260 | B5: Elektrik 5847500300 Kümbet D09 | E5: -400 | G5: -240 | H5: =H4+F5+G5 -> -392
A6: 45260 | B6: Elektrik 8222520300 Kümbet D10 | E6: -500 | G6: -455 | H6: =H5+F6+G6 -> -847
A7: 45264 | B7: TUSDATA 8/30 8*250 = 2000 2023 | E7: -250 | G7: =E7 -> -250 | H7: =H6+F7+G7 -> -1097
B8: TUSDATA 9/30 – 20/30 12*250 = 3000 2024 | H8: =H7+F8+G8 -> -1097
B9: TUSDATA 21/30-30/30 10*8845 = 88450 2025 | H9: =H8+F9+G9 -> -1097
B10: TUSDATA TOPLAM 93450 | H10: =H9+F10+G10 -> -1097
B11: Elektrik 9522138254 Sanayi | E11: =E52*-1 -> -138.01 | G11: =E11 -> -138.01 | H11: =H10+F11+G11 -> -1235.01
B12: KK 4876 İşbank | E12: =E58 -> -4628.58 | G12: =E12 -> -4628.58 | H12: =H11+F12+G12 -> -5863.59
A13: 45264 | B13: KK 5165 Denizbank | E13: =E81 -> -11990.16 | G13: =E13 -> -11990.16 | H13: =H12+F13+G13 -> -17853.75
B14: Kira Adem Özen 7/12 Mrmr Ryl A Blok 82 | E14: -5375 | G14: =E14 -> -5375 | H14: =H13+F14+G14 -> -23228.75
B15: Kira Adem Özen 7/12 Mrmr Ryl A Blok 82 | E15: -2125 | G15: =E15 -> -2125 | H15: =H14+F15+G15 -> -25353.75
B16: Aidat Marmara Royal Site 7/12 | E16: -945.08 | G16: =E16 -> -945.08 | H16: =H15+F16+G16 -> -26298.83
B17: Doğalgaz Marmara Royal Ablok D:82 | E17: -150 | G17: -133.4 | H17: =H16+F17+G17 -> -26432.23
B18: Doğalgaz 800004222954 Kümbet D10 | E18: -1000 | G18: -621 | H18: =H17+F18+G18 -> -27053.23
B19: Doğalgaz 800004222959 Kümbet D09 | E19: -100 | G19: 0 | H19: =H18+F19+G19 -> -27053.23
A20: 45272 | B20: yasemin | G20: -3512 | H20: =H19+F20+G20 -> -30565.23
A21: 45287 | B21: yasemin | E21: -3500 | G21: -3512 | H21: =H20+F21+G21 -> -34077.23
A22: 45287 | B22: umut | E22: -3500 | G22: -3512 | H22: =H21+F22+G22 -> -37589.23
B23: Genel Masraf | E23: -3500 | G23: -3512 | H23: =H22+F23+G23 -> -41101.23
B24: Elektrik 8758480300 bahçe | G24: -155 | H24: =H23+F24+G24 -> -41256.23
A25: 45655 | B25: Elektrik 5847500300 Kümbet D09 | G25: -250 | H25: =H24+F25+G25 -> -41506.23
A26: 45655 | B26: Elektrik 8222520300 Kümbet D10 | G26: -500 | H26: =H25+F26+G26 -> -42006.23
H27: =H26+F27+G27 -> -42006.23
B28: maaş | D28: 7500 | F28: 7432.53 | H28: =H27+F28+G28 -> -34573.7
A29: 45275 | B29: Tuzgümrüğü kira nakit | D29: 2800 | F29: 2800 | H29: =H28+F29+G29 -> -31773.7
A30: 45293 | B30: Doğuş Kira 5/12-2024-25– 30-12-23 | D30: 6500 | H30: =H29+F30+G30 -> -31773.7
H31: =H30+F31+G31 -> -31773.7
A32: 45294 | B32: Kira snyE senet 4/5 13- 6 = 7000 kalan | D32: 6000 | H32: =H31+F32+G32 -> -31773.7
A33: 45266 | B33: Kira snyE senet 3/5 19- 6 = 13000 kalan 30/11/2023 umutun hesabına | F33: 6000 | H33: =H32+F33+G33 -> -25773.7
H34: =H33+F34+G34 -> -25773.7
H35: =H34+F35+G35 -> -25773.7
A41: KALAN BAKİYELER
A46: 44929 | B46: 9522138254 Sanayi Elektrik | D46: =SUM(D47:D54) -> 5357.51 | E46: =SUM(E47:E53) -> 5360.01
B47: Salih Ant elektrik | C47: nakit | D47: 947.93 | E47: 950
B48: Hurdacı Elektrik | C48: banka | D48: 1830.06 | E48: 1830
B49: Cihan Elektrik | C49: banka | D49: 209.55 | E49: 210
B50: Merdal | C50: banka umut | D50: 1732.62 | E50: 1732
B51: Metin | C51: banka | D51: 499.34 | E51: 500
B52: Hacı Elektrik | D52: 138.01 | E52: 138.01
B58: İşbank 4876 KK | E58: =SUM(E59:E78) -> -4628.58 | F58: =SUM(F59:F78) -> 0
A60: 44995 | B60: al nlbry bosch gal12-40 şarj | C60: 613.91 | D60: 9 – 10 | E60: -61.39
A62: 45043 | B62: Pazarama – i7-13700 + KC3000-512gb | C62: 10764.57 | D62: 7 – 9 | E62: -1196.06
A63: 45078 | B63: Amazon 27"Monitor | D63: 6 – 6 | E63: -666.65
A64: 45187 | B64: Pazarama – | C64: 7648.33 | D64: 3 – 9 | E64: -849.81
A65: 45187 | B65: Amazon - | C65: 11128 | D65: 3 – 6 | E65: -1854.67
D66: HESAP KESİM
B81: Denizbank 5165 kk | E81: =SUM(E82:E107) -> -11990.16 | F81: =SUM(F82:F90) -> 0
A82: 45217 | B82: amazon işlemci i9 13900k | D82: 3 – 6 | E82: -3974.44
A83: 45214 | B83: amazon coreliquid 240r 3201TL-Arctic Fan 399TL | D83: 2 – 6 | E83: -600
A85: 45226 | B85: yeğenbey toyota ceza | E85: -1046.1
A86: 45226 | B86: yeğenbey toyota ceza | E86: -1046.1
A87: 45224 | B87: et | D87: 160 | E87: -160
A88: 45225 | B88: et | D88: 200 | E88: -200
A89: 45225 | B89: gaz | E89: -200
A90: 45226 | B90: et | D90: 150 | E90: -150
A91: 45227 | B91: et | D91: 100 | E91: -100
A92: 45227 | B92: pide | D92: 70 | E92: -70
A93: 45229 | B93: et | D93: 200 | E93: -200
A94: 45229 | B94: sebze yağ | D94: 95.49 | E94: -95.49
A95: 45232 | B95: et | D95: 250 | E95: -250
A96: 45233 | B96: et | D96: 180 | E96: -160
A97: 45234 | B97: et | D97: 320 | E97: -320
A98: 45237 | B98: et | D98: 200 | E98: -200
A99: 45237 | B99: benzin | E99: -500
A100: 45237 | B100: ayfer kurt | E100: -180
A101: 45238 | B101: et | D101: 160 | E101: -160
A102: 45239 | B102: et | D102: 250 | E102: -250
A103: 45240 | B103: et | D103: 160 | E103: -160
A104: 45241 | B104: et | D104: 250 | E104: -250
A105: 45244 | B105: toyota gaz | E105: -1144.11
A106: 45245 | B106: çitlekçi izmir dönüş | E106: -373.92
A107: 45253 | B107: et | D107: 200 | E107: -200
B109: selanik kk 14 gün pide harcama toplamı | D109: =SUM(D87:D108) -> 2945.49
D110: HESAP KESİM
A111: ARALIK | B111: Devir | C111: 2023 | E111: =SUM(E112:E128) -> 698220.3
A112: 45290 | B112: yasemin | E112: 64000
A113: =A112 -> 45290 | B113: umut | E113: 218088
A114: =A113 -> 45290 | B114: İş 789 | E114: 3609.29
A115: =A114 -> 45290 | B115: iş sny | E115: 122.31
A116: =A115 -> 45290 | B116: iş ytrm | E116: 6267.13
A117: =A116 -> 45290 | B117: iş 801 | C117: 40 * 527,212240 | E117: 21088.49
A118: =A117 -> 45290 | B118: iş 808 | C118: 300 * 18,625761 | E118: 5587.73
A119: =A118 -> 45290 | B119: AVPGY | C119: 45295 | D119: -629.36 | E119: 4752.22
A120: =A119 -> 45290 | B120: MEGMT | C120: 45295 | D120: -52.52 | E120: 315.38
A121: =A120 -> 45290 | B121: SURGY | C121: 45295 | D121: -196 | E121: 295.8
A122: =A121 -> 45290 | B122: TABGD | C122: 45295 | D122: -669.7 | E122: 4239.3
A123: =A116 -> 45290 | B123: denizbank | E123: 1000
A124: =A115 -> 45290 | B124: xau iş alış 1987 | C124: 1928.59 | D124: 161 | E124: =D124*C124 -> 310502.99
A125: =A124 -> 45290 | B125: usd iş satış-alış 30,19258 | C125: 29.2927 | D125: 850 | E125: =D125*C125 -> 24898.795
A126: =A125 -> 45290 | B126: eur iş alış 33,0124 | C126: 32.0287 | D126: 100 | E126: =D126*C126 -> 3202.87
A127: =A126 -> 45290 | B127: kasa nakit | E127: 30000
A128: =A127 -> 45290 | B128: nakit | E128: 250
C129: =A111 -> ARALIK | D129: Bakiye | E129: =H33 -> -25773.7
D131: Ay sonu BAKİYE | E131: =SUM(E112:E128) -> 698220.3

Sheet 11_23
F1: GİRİŞ | G1: ÇIKIŞ | H1: BAKİYE
A2: - KASIM 2023 | C2: TOPLAM | D2: =SUM(D5:D36) -> 262800 | E2: =SUM(E4:E27) -> -98843.11 | F2: =SUM(F5:F37) -> 177687.06 | G2: =SUM(G4:G37) -> -242504.11 | H2: =F2+G2 -> -64817.05
A4: 45231 | B4: 2240 Turkcell fatura | E4: -152 | G4: -152 | H4: =H3+F4+G4 -> -152
A5: 45232 | B5: Elektrik 5847500300 Kümbet D09 | E5: -400 | G5: -277 | H5: =H4+F5+G5 -> -429
A6: 45232 | B6: Elektrik 8222520300 Kümbet D10 | E6: -500 | G6: -512 | H6: =H5+F6+G6 -> -941
A7: 45231 | B7: TUSDATA 7/30 | E7: -250 | G7: -250 | H7: =H6+F7+G7 -> -1191
B8: Elektrik 9522138254 Sanayi | E8: =E49*-1 -> -51.54 | G8: =E8 -> -51.54 | H8: =H7+F8+G8 -> -1242.54
B9: KK 4876 İşbank | E9: =E55 -> -5698.99 | G9: =E9 -> -5698.99 | H9: =H8+F9+G9 -> -6941.53
A10: 45232 | B10: KK 5165 Denizbank | E10: =E71 -> -71595.5 | G10: =E10 -> -71595.5 | H10: =H9+F10+G10 -> -78537.03
B11: Kira Adem Özen 6/12 Mrmr Ryl A Blok 82 | E11: -5375 | G11: -5375 | H11: =H10+F11+G11 -> -83912.03
B12: Kira Adem Özen 6/12 Mrmr Ryl A Blok 82 | E12: -2125 | G12: -2125 | H12: =H11+F12+G12 -> -86037.03
A13: 45231 | B13: Aidat Marmara Royal Site 6/12 | E13: -945.08 | G13: -945.08 | H13: =H12+F13+G13 -> -86982.11
B14: Doğalgaz Marmara Royal Ablok D:82 | E14: -150 | G14: 0 | H14: =H13+F14+G14 -> -86982.11
B15: Doğalgaz 800004222954 Kümbet D10 | E15: -1000 | G15: 0 | H15: =H14+F15+G15 -> -86982.11
B16: Doğalgaz 800004222959 Kümbet D09 | E16: -100 | G16: 0 | H16: =H15+F16+G16 -> -86982.11
B17: yasemin | E17: -3500 | G17: -3511 | H17: =H16+F17+G17 -> -90493.11
B18: umut | E18: -3500 | G18: -3511 | H18: =H17+F18+G18 -> -94004.11
B19: Genel Masraf | E19: -3500 | G19: -3500 | H19: =H18+F19+G19 -> -97504.11
A20: 45236 | B20: snyF Merdal 2023 yılı son kalan 31-12-2023 e kadar ödeme tamam | F20: 15887.06 | H20: =H19+F20+G20 -> -81617.05
B21: maaş | D21: 7500 | F21: 7500 | H21: =H20+F21+G21 -> -74117.05
A22: 45232 | B22: Tuzgümrüğü kira 2/2 5600 TL kira bedeli yzl | C22: BANKADN | D22: 2800 | F22: 2800 | H22: =H21+F22+G22 -> -71317.05
B23: Doğuş Kira 4/12-2024-25– 30-11-23 | D23: 6500 | F23: 6500 | H23: =H22+F23+G23 -> -64817.05
A24: 45231 | B24: Kira snyA Eylülde alındı Tahmin edilen 60000 | H24: =H23+F24+G24 -> -64817.05
A25: 45260 | B25: Kira snyCD Tahmin Edilen 120000 | D25: 240000 | F25: 135000 | H25: =H24+F25+G25 -> 70182.95
G26: -135000 | H26: =H25+F26+G26 -> -64817.05
A27: 45266 | B27: Kira snyE senet 3/5 19- 6 = 13000 kalan 30/11/2023 | D27: 6000 | H27: =H26+F27+G27 -> -64817.05
A28: 45258 | B28: snyG 30-10-2023 bankadan ödeme 10000 TL | F28: 10000 | H28: =H27+F28+G28 -> -54817.05
A29: 45258 | B29: umuta snyG bankadan | G29: -10000 | H29: =H28+F29+G29 -> -64817.05
A30: 45259 | B30: snyH Emlak vergileri | C30: deniz kk | E30: -1204.5 | H30: =H29+F30+G30 -> -64817.05
A31: 45259 | B31: Emlak vergisi ayşe balcı | C31: deniz kk | E31: -148.6 | H31: =H30+F31+G31 -> -64817.05
A32: 45259 | B32: emlak vergisi atila ev POBA | C32: deniz kk | E32: -244.8 | H32: =H31+F32+G32 -> -64817.05
A33: 45259 | B33: emlak vergisi hmb | C33: deniz kk | E33: -532.6 | H33: =H32+F33+G33 -> -64817.05
B37: --------------------------------------------------------------------------------------------------------------------------------------------------
A38: KALAN BAKİYELER
A43: 44929 | B43: 9522138254 Sanayi Elektrik | D43: =SUM(D44:D51) -> 3906.85 | E43: =SUM(E44:E51) -> 3907.8
B44: Salih Ant elektrik | D44: 628.12 | E44: 630
B45: Hurdacı Elektrik | D45: 1539.74 | E45: 1540
B46: Cihan Elektrik | D46: 165.4 | E46: 165
B47: Merdal | D47: 1142.79 | E47: 1142
B48: Metin | D48: 379.26 | E48: 379.26
B49: Hacı Elektrik | D49: 51.54 | E49: 51.54
B55: İşbank 4876 KK | E55: =SUM(E56:E68) -> -5698.99
A57: 44995 | B57: al nlbry bosch gal12-40 şarj | C57: 613.91 | D57: 8 – 10 | E57: -61.39
A58: 45043 | B58: Amazon – asus b660 plus anakart | C58: 3299 | D58: 6 – 6 | E58: -549.85
A59: 45043 | B59: Pazarama – i7-13700 + KC3000-512gb | C59: 10764.57 | D59: 6 – 9 | E59: -1196.06
A60: 45044 | B60: Amazon – 32 gbRAM-farex3-klavye-pwrspply | C60: 3123.29 | D60: 6 – 6 | E60: -520.54
A61: 45078 | B61: Amazon 27"Monitor | D61: 5 – 6 | E61: -666.67
A62: 45187 | B62: Pazarama – | C62: 7648.33 | D62: 2 – 9 | E62: -849.81
A63: 45187 | B63: Amazon - | C63: 11128 | D63: 2 – 6 | E63: -1854.67
A64: 45204 | B64: ödeme | C64: -6481.59
D66: HESAP KESİM
B71: Denizbank 5165 kk | E71: =SUM(E72:E104) -> -71595.5
A72: 45026 | B72: Mediamrkt – anneler günü filtre kahve mak. | C72: 1140.99 | D72: 6 – 6 | E72: -190.14
A73: 45141 | B73: toyota mtv 545 | D73: 3 - 3 | E73: -181.84
A74: 45217 | B74: amazon işlemci i9 13900k | D74: 2 – 6 | E74: -3974.44
A75: 45194 | B75: yasemin okul | E75: -59483.25
A76: 45214 | B76: amazon coreliquid 240r 3201TL-Arctic Fan 399TL | D76: 1 – 6 | E76: -600
A77: 45198 | B77: et | E77: -160
A78: 45201 | B78: aof harc | E78: -1180
A79: 45204 | B79: trafik cezası audi | E79: -713.25
A80: 45204 | B80: trafik cezası audi | E80: -713.25
A81: 45194 | B81: et | E81: -200
A82: 45225 | B82: et | E82: -160
A83: 45226 | B83: et | E83: -200
A84: 45227 | B84: et | E84: -200
A85: 45227 | B85: sivas yemek | E85: -245
A86: 45228 | B86: et | E86: -160
A87: 45228 | B87: sebze | E87: -33.65
A88: 45201 | B88: et | E88: -160
A89: 45201 | B89: ödeme | C89: -16000.55
A90: 45202 | B90: et | E90: -250
A91: 45204 | B91: et | E91: -300
A92: 45205 | B92: et | E92: -250
A93: 45206 | B93: et | E93: -250
A94: 45206 | B94: bim | E94: -107.32
A95: 45210 | B95: et | E95: -200
A96: 45215 | B96: et | E96: -160
A97: 45216 | B97: et | E97: -160
A98: 45217 | B98: et | E98: -160
A99: 45218 | B99: et | E99: -200
A100: 45219 | B100: et | E100: -165
A101: 45219 | B101: sebze | E101: -93.36
... A104: 45221 | B104: audi benzin sivas | E104: -500
D105: HESAP KESİM
B107: selanik kk 18 gün et harcama toplamı | E107: 3707.01
B108: selanik 18 gün sebze *30 | E108: 540
E109: =SUM(E107:E108) -> 4247.01
A111: KASIM | B111: Devir | C111: 2023 | E111: =SUM(E112:E122) -> 709393.08
A112: 45260 | B112: yasemin | E112: 64000
A113: =A112 -> 45260 | B113: Umut snyG 10000 snyCD 135000 Bankadan | C113: 145000 | E113: 218088
A114: =A113 -> 45260 | B114: İş 789 | E114: 37657.35
A115: =A114 -> 45260 | B115: iş sny | E115: 64.31
A116: 45260 | B116: iş ytrm | E116: 3242.78
A117: 45260 | B117: denizbank | E117: 1000
A118: =A115 -> 45260 | B118: xau iş alış 1987 | C118: 1851.05 | D118: 161 | E118: =D118*C118 -> 298019.05
A119: =A118 -> 45260 | B119: usd iş satış-alış 30,1333 | C119: 28.1987 | D119: 850 | E119: =D119*C119 -> 23968.895
A120: =A119 -> 45260 | B120: eur iş alış 33,1557 | C120: 31.027 | D120: 100 | E120: =D120*C120 -> 3102.7
A121: =A120 -> 45260 | B121: kasa nakit | E121: 60000
A122: =A121 -> 45260 | B122: nakit | E122: 250
C123: =A111 -> KASIM | D123: Bakiye | E123: =H33 -> -64817.05
...

Sheet 10_23
F1: GİRİŞ | G1: ÇIKIŞ | H1: BAKİYE
A2: - EKİM 2023 | C2: TOPLAM | D2: =SUM(D4:D32) -> 32800 | E2: =SUM(E4:E32) -> -44478.17 | F2: =SUM(F4:F32) -> 23200 | G2: =SUM(G4:G32) -> -43968.17 | H2: =F2+G2 -> -20768.17
A4: 45201 | B4: Elektrik 5847500300 Kümbet D09 | E4: -400 | G4: -327 | H4: =H3+F4+G4 -> -327
A5: 45201 | B5: Elektrik 8222520300 Kümbet D10 | E5: -500 | G5: -593 | H5: =H4+F5+G5 -> -920
A6: 45201 | B6: 2240 Turkcell İLK FATURA | E6: -137.2 | G6: -137.2 | H6: =H5+F6+G6 -> -1057.2
A7: 45201 | B7: AOF | E7: -1180 | G7: -1180 | H7: =H6+F7+G7 -> -2237.2
A8: 45201 | B8: TUSDATA 6/30 | E8: -250 | G8: -250 | H8: =H7+F8+G8 -> -2487.2
B9: Elektrik 9522138254 Sanayi | E9: =D45*-1 -> -33.73 | G9: =E9 -> -33.73 | H9: =H8+F9+G9 -> -2520.93
B10: KK 4876 İşbank | E10: =E51 -> -6481.61 | G10: -6481.61 | H10: =H9+F10+G10 -> -9002.54
B11: KK 5165 Denizbank | E11: =E68 -> -16000.55 | G11: -16000.55 | H11: =H10+F11+G11 -> -25003.09
A12: 44933 | B12: Kira Adem Özen 5/12 Mrmr Ryl A Blok 82 | E12: -5375 | G12: -5375 | H12: =H11+F12+G12 -> -30378.09
B13: Kira Adem Özen 5/12 Mrmr Ryl A Blok 82 | E13: -2125 | G13: -2125 | H13: =H12+F13+G13 -> -32503.09
B14: Aidat Marmara Royal Site 5/12 | E14: -945.08 | G14: -945.08 | H14: =H13+F14+G14 -> -33448.17
B15: Doğalgaz Marmara Royal Ablok D:82 | C15: devlet | E15: -150 | H15: =H14+F15+G15 -> -33448.17
B16: Doğalgaz 800004222954 Kümbet D10 | C16: devlet | E16: -300 | H16: =H15+F16+G16 -> -33448.17
B17: Doğalgaz 800004222959 Kümbet D09 | C17: devlet | E17: -100 | H17: =H16+F17+G17 -> -33448.17
B18: yasemin | E18: -3500 | G18: -3510 | H18: =H17+F18+G18 -> -36958.17
B19: yasemin okul karttan geçildi | H19: =H18+F19+G19 -> -36958.17
B20: umut | E20: -3500 | G20: -3510 | H20: =H19+F20+G20 -> -40468.17
B21: Genel Masraf | E21: -3500 | G21: -3500 | H21: =H20+F21+G21 -> -43968.17
H22: =H21+F22+G22 -> -43968.17
B23: maaş | D23: 7500 | F23: 7500 | H23: =H22+F23+G23 -> -36468.17
A24: 45232 | B24: Tuzgümrüğü kira 1/2 5600 TL kira bedeli yzl | C24: BANKADN | D24: 2800 | F24: 2800 | H24: =H23+F24+G24 -> -33668.17
B25: Doğuş Kira 3/12-2024-25– 30-10-23 | D25: 6500 | F25: 6500 | H25: =H24+F25+G25 -> -27168.17
A26: 45236 | B26: Kira snyE senet 2/5 25- 6 = 19000 kalan | D26: 6000 | F26: 6000 | H26: =H25+F26+G26 -> -21168.17
A27: 45229 | B27: snyG 30-10-2023 bankadan ödeme 10000 TL | D27: 10000 | H27: =H26+F27+G27 -> -21168.17
B28: snyG 07-11 de çıkacağını belirterek 10000 TL ödemeyi yapmadı - 28-11 de ödendi | H28: =H27+F28+G28 -> -21168.17
A29: 45227 | B29: mezar baş taşı sistem pompa seçkin | F29: 400 | H29: =H28+F29+G29 -> -20768.17
B33: --------------------------------------------------------------------------------------------------------------------------------------------------
A34: KALAN BAKİYELER
A39: 44929 | B39: 9522138254 Sanayi Elektrik | D39: =SUM(D40:D47) -> 3425.38 | E39: =SUM(E40:E47) -> 3422.73
B40: Salih Ant elektrik | D40: 578.66 | E40: 578
B41: Hurdacı Elektrik | D41: 1237.75 | E41: 1237
B42: Cihan Elektrik | D42: 155.32 | E42: 155
B43: Merdal | D43: 1102.24 | E43: 1102
B44: Metin | D44: 317.68 | E44: 317
B45: Hacı Elektrik | D45: 33.73 | E45: 33.73
B51: İşbank 4876 KK | E51: =SUM(E52:E65) -> -6481.61
A52: 44995 | B52: al nlbry bosch gal12-40 şarj | C52: 613.91 | D52: 7 – 10 | E52: -61.39
A53: 45043 | B53: Amazon – asus b660 plus anakart | C53: 3299 | D53: 5 – 6 | E53: -549.83
A54: 45043 | B54: Pazarama – i7-13700 + KC3000-512gb | C54: 10764.57 | D54: 5 – 9 | E54: -1196.06
A55: 45044 | B55: Amazon – 32 gbRAM-farex3-klavye-pwrspply | C55: 3123.29 | D55: 5 – 6 | E55: -520.55
A56: 45078 | B56: Amazon 27"Monitor | D56: 4 – 6 | E56: -666.67
A57: 45168 | B57: pide et | E57: -250
A58: 45077 | B58: BELEDİYE Ayşe Balcı | C58: 148.6 | D58: 4 – 4 | E58: -37.15
A59: 45077 | B59: BELEDİYE POBA - atila ev | C59: 244.8 | D59: 4 – 4 | E59: -61.2
A60: 45077 | B60: BELEDİYE ALUMBA | C60: 1204.5 | D60: 4 – 4 | E60: -301.13
A61: 45077 | B61: BELEDİYE HMB | C61: 532.6 | D61: 4 – 4 | E61: -133.15
A62: 45173 | B62: ödeme otomtk | C62: 7338.29
A63: 45187 | B63: Pazarama – | C63: 7648.33 | D63: 1 – 9 | E63: -849.81
A64: 45187 | B64: Amazon - kc30001TB-macZ790 | C64: 11128 | D64: 1 – 6 | E64: -1854.67
D66: HESAP KESİM
B68: Denizbank 5165 kk | E68: =SUM(E69:E104) -> -16000.55
A69: 45026 | B69: Mediamrkt – anneler günü filtre kahve mak. | C69: 1140.99 | D69: 5 – 6 | E69: -190.17
A70: 45141 | B70: toyota mtv 545 | D70: 2 - 3 | E70: -181.83
A71: 45187 | B71: amazon- i913900k+psu | D71: 1 – 6 | E71: -3974.44
A72: 45187 | B72: audi mtv muayene için yattı 2023 mtv ek-1 | E72: -573.18
A73: 45163 | E73: -525
A74: 45163 | E74: -200
A75: 45164 | E75: -200
A76: 45165 | B76: opet ağaoğlu | E76: -200
A77: 45165 | B77: sivas yerliyurt petrol | E77: -300
A78: 45167 | B78: isot çatı çivi 2 kg | E78: -70
A79: 45169 | B79: opet audi çatı | E79: -300
A80: 45169 | E80: -200
A81: 45170 | B81: ödeme | C81: -3842.65
A82: 45170 | E82: -200
A83: 45171 | E83: -180
A84: 45172 | B84: erenler | E84: -339.4
A85: 45174 | E85: -250
A86: 45175 | E86: -200
A87: 45177 | E87: -200
A88: 45179 | B88: lc | E88: -529.98
A89: 45179 | B89: lc | E89: -2351.95
A90: 45180 | B90: mehmet katar | E90: -200
A91: 45181 | E91: -165
A92: 45182 | B92: mehmet katar | E92: -200
A93: 45183 | E93: -200
A94: 45184 | B94: kayseri yemek ananın yeri | E94: -578
A95: 45184 | B95: kayseri benzin | E95: -1000
A96: 45184 | E96: -250
A97: 45185 | E97: -200
A98: 45187 | E98: -160
A99: 45188 | E99: -250
A100: 45189 | E100: -160
A101: 45191 | B101: çamlıbel pide | E101: -230
A102: 45191 | B102: kafkas mutfak | E102: -382
A103: 45191 | B103: toyota gaz kayseri nevzat | E103: -699.6
A104: 45192 | B104: pide | E104: -160
D106: HESAP KESİM
A111: EKİM | B111: Devir | C111: 2023 | E111: =SUM(E112:E121) -> 610649.73
A112: 45230 | B112: yasemin | E112: 64000
A113: 45230 | B113: Umut | E113: 73088
A114: 45230 | B114: İş 789 | E114: 20950.34
A115: 45230 | B115: iş sny | E115: 73011.39
A116: 45230 | B116: xau iş alış | C116: 1800 | D116: 111 | E116: =D116*C116 -> 199800
B117: xau iş alış 50 gr x 1826 = 91300 | C117: 1800 | D117: 50 | E117: =D117*C117 -> 90000
A118: 45230 | B118: usd iş satış-alış 27,383 | C118: 28 | D118: 850 | E118: =D118*C118 -> 23800
A119: 45230 | B119: eur iş alış 29,71050 | C119: 30 | D119: 100 | E119: =D119*C119 -> 3000
A120: 45230 | B120: kasa nakit | E120: 60000
...

Sheet 09_23
F1: GİRİŞ | G1: ÇIKIŞ | H1: BAKİYE
A2: - EYLÜL 2023 | C2: TOPLAM | D2: =SUM(D4:D38) -> 133300 | E2: =SUM(E4:E37) -> -31871.02 | F2: =SUM(F4:F44) -> 257800 | G2: =SUM(G4:G44) -> -34914.91 | H2: =F2+G2 -> 222885.09
B4: Elektrik 5847500300 Kümbet D09 | E4: -400 | G4: -317 | H4: =H3+F4+G4 -> -317
B5: Elektrik 8222520300 Kümbet D10 | E5: -500 | G5: -559 | H5: =H4+F5+G5 -> -876
B6: TUSDATA 5/30 | E6: -250 | G6: -250 | H6: =H5+F6+G6 -> -1126
B7: Elektrik 9522138254 Sanayi | E7: =D56*-1 -> -44.99 | G7: =E56*-1 -> -44.99 | H7: =H6+F7+G7 -> -1170.99
B8: KK 4876 İşbank | E8: =E62 -> -7338.29 | G8: -7338.29 | H8: =H7+F8+G8 -> -8509.28
A9: 45173 | B9: KK 5165 Denizbank | E9: =E87 -> -3842.66 | G9: -3842.65 | H9: =H8+F9+G9 -> -12351.93
A10: 45173 | B10: Kira Adem Özen 4/12 Mrmr Ryl A Blok 82 | E10: -5375 | G10: -5375 | H10: =H9+F10+G10 -> -17726.93
B11: Kira Adem Özen 4/12 Mrmr Ryl A Blok 82 | E11: -2125 | G11: -2125 | H11: =H10+F11+G11 -> -19851.93
B12: Aidat Marmara Royal Site 4/12 | E12: -945.08 | G12: -945.08 | H12: =H11+F12+G12 -> -20797.01
B13: Doğalgaz Marmara Royal Ablok D:82 | C13: devlet | E13: -150 | H13: =H12+F13+G13 -> -20797.01
B14: Doğalgaz 800004222954 Kümbet D10 | C14: devlet | E14: -300 | H14: =H13+F14+G14 -> -20797.01
B15: Doğalgaz 800004222959 Kümbet D09 | C15: devlet | E15: -100 | H15: =H14+F15+G15 -> -20797.01
B16: yasemin | E16: -3500 | G16: -3509 | H16: =H15+F16+G16 -> -24306.01
B17: yasemin | G17: -3509 | H17: =H16+F17+G17 -> -27815.01
B18: umut | E18: -3500 | G18: -3509 | H18: =H17+F18+G18 -> -31324.01
B19: Genel Masraf | E19: -3500 | G19: -3500 | H19: =H18+F19+G19 -> -34824.01
H20: =H19+F20+G20 -> -34824.01
B21: maaş | D21: 7500 | F21: 7500 | H21: =H20+F21+G21 -> -27324.01
A22: 45202 | B22: Tuzgümrüğü kira | D22: 2800 | F22: 2800 | H22: =H21+F22+G22 -> -24524.01
A23: 45204 | B23: Doğuş Kira 2/12-2024-25– 30-09-23 bankadan geldi | D23: 6500 | F23: 6500 | H23: =H22+F23+G23 -> -18024.01
A24: 45170 | B24: Kira lise arkası 150/4 | D24: 37500 | H24: =H23+F24+G24 -> -18024.01
A25: 45199 | B25: snyG | D25: 70000 | H25: =H24+F25+G25 -> -18024.01
B26: snyG 30-9-23 - 96000 TL | H26: =H25+F26+G26 -> -18024.01
B27: snyG 23-09-2023 nakit 83000 TL | F27: 83000 | H27: =H26+F27+G27 -> 64975.99
B28: snyG 25-09-2023 nakit 3000 TL | D28: 3000 | F28: 3000 | H28: =H27+F28+G28 -> 67975.99
B29: snyG 30-10-2023 banka 10000 TL | H29: =H28+F29+G29 -> 67975.99
A30: 45171 | B30: snyE 96000 - 65000 = 31000 kalan | F30: 65000 | H30: =H29+F30+G30 -> 132975.99
A31: 45199 | B31: snyE senet 1/5 31- 6 = 25000 kalan | D31: 6000 | F31: 6000 | H31: =H30+F31+G31 -> 138975.99
B32: snyE senet 2/5 25- 6 = 19000 kalan | H32: =H31+F32+G32 -> 138975.99
B33: snyE senet 3/5 19- 6 = 13000 kalan | H33: =H32+F33+G33 -> 138975.99
B34: snyE senet 4/5 13- 6 = 7000 kalan | H34: =H33+F34+G34 -> 138975.99
B35: snyE senet 5/5 7- 7 = 0 kalan | H35: =H34+F35+G35 -> 138975.99
A36: 45173 | B36: Vodafon son fatura işbank tan ödendi | G36: -90.9 | H36: =H35+F36+G36 -> 138885.09
A37: 45196 | B37: snyA 30-09-2023 84000 | F37: 74000 | H37: =H36+F37+G37 -> 212885.09
A38: 45196 | B38: SnyA - > bnakadan umuta banka makbuzunda kira yazılmadı | F38: 10000 | H38: =H37+F38+G38 -> 222885.09
H39: =H38+F39+G39 -> 222885.09
H40: =H39+F40+G40 -> 222885.09
B44: --------------------------------------------------------------------------------------------------------------------------------------------------
A45: KALAN BAKİYELER
A50: 44929 | B50: 9522138254 Sanayi Elektrik | D50: =SUM(D51:D58) -> 3502.01 | E50: =SUM(E51:E58) -> 3502.01
B51: Salih Ant elektrik | D51: 673.8 | E51: 673.8
B52: Hurdacı Elektrik | D52: 1165.77 | E52: 1165.77
B53: Cihan Elektrik | D53: 106.22 | E53: 106.22
B54: Merdal | D54: 1157.58 | E54: 1157.58
B55: Metin | D55: 353.65 | E55: 353.65
B56: Hacı Elektrik | D56: 44.99 | E56: 44.99
B62: İşbank 4876 KK | E62: =SUM(E63:E84) -> -7338.29
A64: 44995 | B64: al nlbry bosch gal12-40 şarj | C64: 613.91 | D64: 6 – 10 | E64: -61.39
A65: 44995 | B65: amazon bosch pro pruner budama | C65: 2258.94 | D65: 6 – 6 | E65: -376.49
A66: 45043 | B66: Amazon – asus b660 plus anakart | C66: 3299 | D66: 4 – 6 | E66: -549.83
A67: 45043 | B67: Pazarama – i7-13700 + KC3000-512gb | C67: 10764.57 | D67: 4 – 9 | E67: -1196.06
A68: 45044 | B68: Amazon – 32 gbRAM-farex3-klavye-pwrspply | C68: 3123.29 | D68: 4 – 6 | E68: -520.55
A69: 45078 | B69: Amazon 27"Monitor | D69: 3 – 6 | E69: -666.67
A70: 45077 | B70: BELEDİYE Ayşe Balcı | C70: 148.6 | D70: 3 – 4 | E70: -37.15
A71: 45077 | B71: BELEDİYE POBA - atila ev | C71: 244.8 | D71: 3 – 4 | E71: -61.2
A72: 45077 | B72: BELEDİYE ALUMBA | C72: 1204.5 | D72: 3 – 4 | E72: -301.13
A73: 45077 | B73: BELEDİYE HMB | C73: 532.6 | D73: 3 – 4 | E73: -133.15
A74: 45139 | B74: gib merdal damga vrgs | E74: -260.02
A75: 45139 | B75: gib | E75: -116.6
A76: 45139 | B76: gib | E76: -23.75
A77: 45140 | B77: çapa motor arıza enj | E77: -600
A78: 45147 | B78: 2240 | E78: -165.4
A79: 45148 | B79: tcdd umut ank-svs 248+ | E79: -71
A80: 45153 | B80: audi bnzn | E80: -1806
A81: 45158 | B81: ev interntet superonline | E81: -160.9
A82: 45160 | B82: tcdd umut svs-ank-business 248+ | E82: -231
D83: HESAP KESİM
B87: Denizbank 5165 kk | E87: =SUM(E88:E108) -> -3842.66
A88: 45026 | B88: Mediamrkt – anneler günü filtre kahve mak. | C88: 1140.99 | D88: 4 – 6 | E88: -190.17
A89: 45133 | B89: Lokanta yemek | E89: -245
A90: 45134 | B90: et | E90: -150
A91: 45135 | B91: toyota gaz afyon | E91: -555.87
A92: 45135 | B92: kft ysf | E92: -328
A93: 45136 | B93: mrkt | E93: -42.15
A94: 45136 | B94: toyota gaz izmir | E94: -400
A95: 45136 | B95: işçi yemek | E95: -266
A96: 45199 | B96: toyota gaz çorum | E96: -489.97
A97: 45139 | B97: ödeme | C97: 6556.63
E98: -156.48
A99: 45141 | B99: toyota mtv 545 | D99: 1 - 3 | E99: -181.83
A100: 45141 | B100: pide | E100: -150
A101: 45143 | B101: pide | E101: -150
A102: 45143 | B102: mrkt | E102: -337.19
A103: 45161 | B103: pide | E103: -200
D104: HESAP KESİM
A111: EYLÜL | B111: Devir | C111: 2023 | E111: =SUM(E112:E120) -> 604370.1
A112: 45169 | B112: yasemin | E112: 64000 | F112: 0
A113: 45169 | B113: Umut 10000 bankadan snyA | E113: 63088 | F113: 0
A114: 45169 | B114: İş 789 | E114: 126493.51 | F114: 0
A115: 45169 | B115: iş sny | E115: 359.59 | F115: 0
A116: 45169 | B116: xau iş alış | C116: 1573 | D116: 111 | E116: =D116*C116 -> 174603 | F116: 0
A117: 45169 | B117: usd iş satış-alış 27,383 | C117: 26.76 | D117: 850 | E117: =D117*C117 -> 22746 | F117: 0
A118: 45169 | B118: eur iş alış 29,71050 | C118: 28.3 | D118: 100 | E118: =D118*C118 -> 2830 | F118: 0
A119: 45192 | B119: kasa nakit | E119: 146650 | F119: 0
A120: 45192 | B120: nakit | E120: 3600
C121: =A111 -> EYLÜL | D121: Bakiye | E121: =H40 -> 222885.09
D123: Ay sonu BAKİYE | E123: =SUM(E112:E120) -> 604370.1

Sheet 08_23
F1: GİRİŞ | G1: ÇIKIŞ | H1: BAKİYE
A2: - AĞUSTOS 2023 | C2: TOPLAM | D2: =SUM(D4:D30) -> 87911 | E2: =SUM(E4:E29) -> -32079.01 | F2: =SUM(F4:F31) -> 16800 | G2: =SUM(G4:G31) -> -37135.35 | H2: =F2+G2 -> -20335.35
A4: 45141 | B4: Elektrik 5847500300 Kümbet D09 | E4: -400 | G4: -311 | H4: =H3+F4+G4 -> -311
A5: 45141 | B5: Elektrik 8222520300 Kümbet D10 | E5: -500 | G5: -520 | H5: =H4+F5+G5 -> -831
B6: TUSDATA 4/30 | E6: -250 | G6: -250 | H6: =H5+F6+G6 -> -1081
B7: Elektrik 9522138254 Sanayi | D7: =D37 -> 0 | F7: =E37 -> 0 | H7: =H6+F7+G7 -> -1081
B8: KK 4876 İşbank | E8: =E49 -> -5147.64 | G8: -5147.64 | H8: =H7+F8+G8 -> -6228.64
B9: KK 5165 Denizbank | E9: =E67 -> -6556.63 | G9: -6556.63 | H9: =H8+F9+G9 -> -12785.27
A10: 45139 | B10: Kira Adem Özen 3/12 Mrmr Ryl A Blok 82 | E10: -5375 | G10: -5375 | H10: =H9+F10+G10 -> -18160.27
A11: 45139 | B11: Kira Adem Özen 3/12 Mrmr Ryl A Blok 82 | E11: -2125 | G11: -2125 | H11: =H10+F11+G11 -> -20285.27
B12: Aidat Marmara Royal Site 3/12 | E12: -674.74 | G12: -945.08 | H12: =H11+F12+G12 -> -21230.35
B13: Doğalgaz Marmara Royal Ablok D:82 | C13: devlet | E13: -150 | G13: 0 | H13: =H12+F13+G13 -> -21230.35
B14: Doğalgaz 800004222954 Kümbet D10 | C14: devlet | E14: -300 | G14: 0 | H14: =H13+F14+G14 -> -21230.35
B15: Doğalgaz 800004222959 Kümbet D09 | C15: devlet | E15: -100 | G15: 0 | H15: =H14+F15+G15 -> -21230.35
A16: 45152 | B16: Elektrik 8758480300 Bahçe | G16: -139 | H16: =H15+F16+G16 -> -21369.35
H17: =H16+F17+G17 -> -21369.35
B18: yasemin | E18: -3500 | G18: -3508 | H18: =H17+F18+G18 -> -24877.35
B19: umut | E19: -3500 | G19: -3508 | H19: =H18+F19+G19 -> -28385.35
B20: Genel Masraf | E20: -3500 | G20: -3500 | H20: =H19+F20+G20 -> -31885.35
B21: peri ödeme | D21: 1111 | H21: =H20+F21+G21 -> -31885.35
B22: maaş | D22: 7500 | F22: 7500 | H22: =H21+F22+G22 -> -24385.35
B23: Tuzgümrüğü kira | D23: 2800 | F23: 2800 | H23: =H22+F23+G23 -> -21585.35
B24: Doğuş 1/12-2024-25– 30-08-23 | D24: 6500 | F24: 6500 | H24: =H23+F24+G24 -> -15085.35
A25: 45167 | B25: Doğuş 24-25 için 6 aylık tüfe uygulanacak | H25: =H24+F25+G25 -> -15085.35
B26: Doğuş 23-24 aylık kira 5000 TL üzerine tüfe | H26: =H25+F26+G26 -> -15085.35
B27: Kira snyE | D27: 70000 | H27: =H26+F27+G27 -> -15085.35
B28: salça | G28: -5250 | H28: =H27+F28+G28 -> -20335.35
B31: --------------------------------------------------------------------------------------------------------------------------------------------------
A32: KALAN BAKİYELER
A37: 44929 | B37: 9522138254 Sanayi Elektrik | D37: =SUM(D38:D45) -> 0 | E37: =SUM(E38:E45) -> 0
B38: Salih Ant elektrik
B39: Hurdacı Elektrik
B40: Cihan Elektrik
B41: Merdal
B42: Metin
B43: Hacı Elektrik
B49: İşbank 4876 KK | E49: =SUM(E50:E64) -> -5147.64
A50: 44873 | B50: peri diş | D50: 9 – 9 | E50: -1111.12
A51: 44995 | B51: al nlbry bosch gal12-40 şarj | C51: 613.91 | D51: 5 – 10 | E51: -61.39
A52: 44995 | B52: amazon bosch pro pruner budama | C52: 2258.94 | D52: 5 – 6 | E52: -376.49
A53: 45043 | B53: Amazon – asus b660 plus anakart | C53: 3299 | D53: 3 – 6 | E53: -549.83
A54: 45043 | B54: Pazarama – i7-13700 + KC3000-512gb | C54: 10764.57 | D54: 3 – 9 | E54: -1196.06
A55: 45044 | B55: Amazon – 32 gbRAM-farex3-klavye-pwrspply | C55: 3123.29 | D55: 3 – 6 | E55: -520.55
A56: 45078 | B56: Amazon 27"Monitor | D56: 2 – 6 | E56: -666.67
A57: 45077 | B57: BELEDİYE Ayşe Balcı | C57: 148.6 | D57: 2 – 4 | E57: -37.15
A58: 45077 | B58: BELEDİYE POBA - atila ev | C58: 244.8 | D58: 2 – 4 | E58: -61.2
A59: 45077 | B59: BELEDİYE ALUMBA | C59: 1204.5 | D59: 2 – 4 | E59: -301.13
A60: 45077 | B60: BELEDİYE HMB | C60: 532.6 | D60: 2 – 4 | E60: -133.15
A62: 45112 | B62: Vodafone 2240 | E62: -132.9
D63: HESAP KESİM
B67: Denizbank 5165 kk | E67: =SUM(E68:E91) -> -6556.63
A68: 45026 | B68: Mediamrkt – anneler günü filtre kahve mak. | C68: 1140.99 | D68: 3 – 6 | E68: -190.17
A69: 45105 | B69: kbrs korcan iletişim kıbrıs | E69: -27.99
A70: 45107 | B70: kbrs benzin m nissan | E70: -900
A71: 45108 | B71: kbrs atlex co | E71: -207.59
A72: 45111 | B72: ödeme oto | C72: 3730.59
A73: 45113 | B73: ödeme | C73: 5595.88
C74: =SUM(C72:C73) -> 9326.47
A75: 45115 | B75: audi benzin | E75: -1356.36
A76: 45115 | B76: audi benzin | E76: -1120
B77: iletişim
A78: 45116 | B78: koft ysf | E78: -437
A79: 45116 | B79: audi benzin | E79: -863
A80: 45119 | B80: erenler | E80: -146.89
A81: 45119 | B81: et | E81: -150
A82: 45120 | B82: et | E82: -150
A83: 45121 | B83: et | E83: -150
A84: 45124 | B84: et | E84: -150
A85: 45125 | B85: et | E85: -160
A86: 45129 | B86: erenler | E86: -20.06
A87: 45130 | B87: çapa benzin | E87: -275.54
A88: 45130 | B88: bim | E88: -212.45
A89: 45131 | B89: kkdf | E89: -4.57
... A91: 45131 | B91: faiz | E91: -30.44
D92: HESAP KESİM
A111: AĞUSTOS | B111: Devir | C111: 2023 | E111: =SUM(E112:E120) -> 399800.57
A112: 45169 | B112: yasemin | E112: 64000
A113: 45169 | B113: Umut | E113: 53088
A114: 45169 | B114: İş 789 | E114: 28245.88
A115: 45169 | B115: iş sny | E115: 450.49
A116: 45169 | B116: xau iş alış | C116: 1600 | D116: 111 | E116: =D116*C116 -> 177600
A117: 45169 | B117: usd iş satış-alış 27,383 | C117: 26.308 | D117: 850 | E117: =D117*C117 -> 22361.8
A118: 45169 | B118: eur iş alış 29,71050 | C118: 28.544 | D118: 100 | E118: =D118*C118 -> 2854.4
A119: 45169 | B119: kasa nakit | E119: 50850
B120: nakit | E120: 350
C121: =A111 -> AĞUSTOS | D121: Bakiye | E121: =H13 -> -21230.35
D123: Ay sonu BAKİYE | E123: =SUM(E112:E122) -> 378570.22

Sheet 07_23
F1: GİRİŞ | G1: ÇIKIŞ | H1: BAKİYE
A2: - ŞUBAT 2023 | C2: TOPLAM | D2: =SUM(D4:D34) -> 67911 | E2: =SUM(E4:E33) -> -35277.64 | F2: =SUM(F4:F35) -> 70250 | G2: =SUM(G4:G35) -> -42110.31 | H2: =F2+G2 -> 28139.69
B4: Elektrik 5847500300 Kümbet D09 | E4: -400 | G4: -400 | H4: =H3+F4+G4 -> -400
B5: Elektrik 8222520300 Kümbet D10 | E5: -500 | G5: -198 | H5: =H4+F5+G5 -> -598
B6: TUSDATA 3/30 | E6: -250 | G6: -254 | H6: =H5+F6+G6 -> -852
A7: 45112 | B7: umut bayram | G7: -3500 | H7: =H6+F7+G7 -> -4352
A8: 45112 | B8: yasemin bayram | G8: -3500 | H8: =H7+F8+G8 -> -7852
B9: Elektrik 9522138254 Sanayi | E9: =D47*-1 -> -32.7 | G9: =E9 -> -32.7 | H9: =H8+F9+G9 -> -7884.7
A10: 45112 | B10: KK 4876 İşbank | E10: =E53 -> -6143.73 | G10: -6143.73 | H10: =H9+F10+G10 -> -14028.43
A11: 45111 | B11: KK 5165 Denizbank | E11: =E69 -> -9326.47 | H11: =H10+F11+G11 -> -14028.43
A12: 45111 | B12: KK 5165 Denizbank oto ödeme | G12: -3730.59 | H12: =H11+F12+G12 -> -17759.02
A13: 45113 | B13: KK 5165 Denizbank ödeme | G13: -5595.88 | H13: =H12+F13+G13 -> -23354.9
A14: 45113 | B14: Kira Adem Özen 2/12 Mrmr Ryl A Blok 82 | C14: bankadan | E14: -5375 | G14: -5375 | H14: =H13+F14+G14 -> -28729.9
A15: 45113 | B15: Kira Adem Özen 2/12 Mrmr Ryl A Blok 82 | E15: -2125 | G15: -2125 | H15: =H14+F15+G15 -> -30854.9
A16: 45112 | B16: Aidat Marmara Royal Site /12 | E16: -674.74 | G16: -955.41 | H16: =H15+F16+G16 -> -31810.31
B17: Doğalgaz Marmara Royal Ablok D:82 | C17: devlet | E17: -150 | G17: 0 | H17: =H16+F17+G17 -> -31810.31
B18: Doğalgaz 800004222954 Kümbet D10 | E18: -300 | G18: 0 | H18: =H17+F18+G18 -> -31810.31
B19: Doğalgaz 800004222959 Kümbet D09 | E19: -100 | G19: 0 | H19: =H18+F19+G19 -> -31810.31
B20: yasemin | E20: -3300 | G20: -3500 | H20: =H19+F20+G20 -> -35310.31
B21: umut | E21: -3300 | G21: -3500 | H21: =H20+F21+G21 -> -38810.31
B22: Genel Masraf | E22: -3300 | G22: -3300 | H22: =H21+F22+G22 -> -42110.31
A23: 45122 | B23: snyF Merdalkipel->altunoğlu taahhüt çek (19-04-23) | D23: 50000 | F23: 50000 | H23: =H22+F23+G23 -> 7889.69
B24: peri ödeme | D24: 1111 | H24: =H23+F24+G24 -> 7889.69
A25: 45119 | B25: aliden ziraat için alınan periye yollanmadı perinin hesabından düşüldü | F25: 3450 | H25: =H24+F25+G25 -> 11339.69
B26: maaş | D26: 7500 | F26: 7500 | H26: =H25+F26+G26 -> 18839.69
B27: Tuzgümrüğü kira ÖNCEKİ AYLA BİRLİKTE ÖDENECEK | D27: 2800 | F27: 2800 | H27: =H26+F27+G27 -> 21639.69
B28: Doğuş Kira 12/12-2023-24– 30-07-23 | D28: 6500 | F28: 6500 | H28: =H27+F28+G28 -> 28139.69
H29: =H28+F29+G29 -> 28139.69
H30: =H29+F30+G30 -> 28139.69
B35: --------------------------------------------------------------------------------------------------------------------------------------------------
A36: KALAN BAKİYELER
A41: 44929 | B41: 9522138254 Sanayi Elektrik | D41: =SUM(D42:D49) -> 3120.43 | E41: =SUM(E42:E49) -> 1344.7
B42: Salih Ant elektrik | D42: 547.27
B43: Hurdacı Elektrik | D43: 990.96 | E43: 990
B44: Cihan Elektrik | D44: 112.16
B45: Merdal | D45: 1115.05
B46: Metin | D46: 322.29 | E46: 322
B47: Hacı Elektrik | D47: 32.7 | E47: 32.7
B53: İşbank 4876 KK | E53: =SUM(E54:E66) -> -6143.73
A54: 44873 | B54: peri diş | D54: 8 – 9 | E54: -1111.11
A55: 44995 | B55: al nlbry bosch gal12-40 şarj | C55: 613.91 | D55: 4 – 10 | E55: -61.39
A56: 44995 | B56: amazon bosch pro pruner budama | C56: 2258.94 | D56: 4 – 6 | E56: -376.49
A57: 45043 | B57: Amazon – asus b660 plus anakart | C57: 3299 | D57: 2 – 6 | E57: -549.83
A58: 45043 | B58: Pazarama – i7-13700 + KC3000-512gb | C58: 10764.57 | D58: 2 – 9 | E58: -1196.06
A59: 45044 | B59: Amazon – 32 gbRAM-farex3-klavye-pwrspply | C59: 3123.29 | D59: 2 – 6 | E59: -520.55
A60: 45077 | B60: BELEDİYE Ayşe Balcı | C60: 148.6 | D60: 1 – 4 | E60: -37.15
A61: 45077 | B61: BELEDİYE POBA - atila ev | C61: 244.8 | D61: 1 – 4 | E61: -61.2
A62: 45077 | B62: BELEDİYE ALUMBA | C62: 1204.5 | D62: 1 – 4 | E62: -301.13
A63: 45077 | B63: BELEDİYE HMB | C63: 532.6 | D63: 1 – 4 | E63: -133.15
A64: 45078 | B64: Amazon 27"Monitor | D64: 1 – 6 | E64: -666.67
A65: 45091 | B65: akgünler taşucu mersin flying anka | E65: -1129
D66: HESAP KESİM
B69: Denizbank 5165 kk | E69: =SUM(E70:E97) -> -9326.47
A70: 45026 | B70: Mediamrkt – anneler günü filtre kahve mak. | C70: 1140.99 | D70: 2 – 6 | E70: -190.17
A71: 45070 | B71: ET 2 GÜNLÜK | E71: -350
A72: 45070 | B72: SEBZE | E72: -63.15
A73: 45072 | B73: ET | E73: -200
A74: 45075 | B74: ET | E74: -150
A75: 45077 | B75: ET | E75: -225
B76: ÖDEME | C76: -1207
A77: 45080 | B77: ET | E77: -180
A78: 45080 | B78: AUDİ YAĞ FİLTRE | E78: -850
A79: 45082 | B79: ERENLER | E79: -112.11
A80: 45082 | B80: ET | E80: -150
A81: 45084 | B81: ET | E81: -250
A82: 45085 | B82: ET | E82: -250
A83: 45086 | B83: TRANSİT ÇEŞME MAZOT | E83: -1420
A84: 45087 | B84: ÇEŞME İŞÇİ YEMEK | E84: -242.56
A85: 45089 | B85: LEBLEBİ | E85: -167.19
A86: 45091 | B86: ET | E86: -200
A87: 45091 | B87: ERENLER | E87: -61.41
A88: 45092 | B88: ET | E88: -200
... A97: 45100 | B97: aidat | E97: -418.5
D98: HESAP KESİM
A111: TEMMUZ | B111: Devir | C111: 2023 | E111: =SUM(E112:E120) -> 433286.59
A112: 45077 | B112: yasemin | E112: 64000
A113: 45077 | B113: Umut | E113: 53088
A114: 45077 | B114: İş 789 | E114: 12372.88
A115: 45077 | B115: iş sny | E115: 26868.21
A116: 45077 | B116: xau iş alış | C116: 1647 | D116: 111 | E116: =D116*C116 -> 182817
A117: 45077 | B117: usd iş alış | C117: 26.73 | D117: 850 | E117: =D117*C117 -> 22720.5
A118: 45077 | B118: eur iş alış | C118: 29.2 | D118: 100 | E118: =D118*C118 -> 2920
A119: 45077 | B119: kasa nakit | E119: 67500
B120: nakit | E120: 1000
C121: =A111 -> TEMMUZ | D121: Bakiye | E121: =H13 -> -23354.9
D123: Ay sonu BAKİYE | E123: =SUM(E112:E122) -> 409931.69

Sheet 06_23
F1: GİRİŞ | G1: ÇIKIŞ | H1: BAKİYE
A2: - HAZİRAN 2023 | C2: TOPLAM | D2: =SUM(D4:D30) -> 28744 | E2: =SUM(E4:E29) -> -26572.63 | F2: =SUM(F4:F31) -> 33133 | G2: =SUM(G4:G31) -> -28830.22 | H2: =F2+G2 -> 4302.78
B4: Elektrik 5847500300 Kümbet D09 | E4: -400 | G4: -204 | H4: =H3+F4+G4 -> -204
B5: Elektrik 8222520300 Kümbet D10 | E5: -500 | G5: -411 | H5: =H4+F5+G5 -> -615
A6: 45082 | B6: TUSDATA 2/30 | E6: -250 | G6: -250 | H6: =H5+F6+G6 -> -865
B7: Elektrik 9522138254 Sanayi | E7: -44 | G7: -44 | H7: =H6+F7+G7 -> -909
A8: 45082 | B8: KK 4876 İşbank | E8: =E49 -> -4946.47 | G8: -4946.47 | H8: =H7+F8+G8 -> -5855.47
A9: 45082 | B9: KK 5165 Denizbank | E9: =E84 -> -1207.42 | G9: -1207.42 | H9: =H8+F9+G9 -> -7062.89
A10: 45084 | B10: Kira Adem Özen 1/12 Mrmr Ryl A Blok 82 | E10: -5375 | G10: -5375 | H10: =H9+F10+G10 -> -12437.89
B11: %74,42 artış - 4300 * 25 % = 5375 -- 700 -5375 = 2125 | E11: -2125 | G11: -2125 | H11: =H10+F11+G11 -> -14562.89
B12: havale ücreti kira | G12: -16.06 | H12: =H11+F12+G12 -> -14578.95
A13: 45078 | B13: Aidat Marmara Royal Site 1/12 | E13: -674.74 | G13: -670.27 | H13: =H12+F13+G13 -> -15249.22
B14: Doğalgaz Marmara Royal Ablok D:82 | C14: devlet | E14: -150 | H14: =H13+F14+G14 -> -15249.22
B15: Doğalgaz 800004222954 Kümbet D10 | E15: -1000 | G15: -104 | H15: =H14+F15+G15 -> -15353.22
B16: Doğalgaz 800004222959 Kümbet D09 | E16: -150 | G16: -127 | H16: =H15+F16+G16 -> -15480.22
B17: yasemin | E17: -3500 | G17: -3500 | H17: =H16+F17+G17 -> -18980.22
B18: umut | E18: -3500 | G18: -3500 | H18: =H17+F18+G18 -> -22480.22
B19: Genel Masraf | E19: -2750 | G19: -2750 | H19: =H18+F19+G19 -> -25230.22
